 0.00000000e+00 -0.00000000e+00  0.00000000e+00 -1.10062027e-20  0.00000000e+00 -5.00000000e+01 
 5.00000000e+00 -0.00000000e+00  5.00000000e+00 -1.10062027e-20  5.00000000e+00 -5.00000000e+01 
 1.00000000e+01 -3.12217961e-21  1.00000000e+01 -9.69488729e-21  1.00000000e+01 -5.00000000e+01 
 1.50000000e+01 -4.48712147e-21  1.50000000e+01 -9.12161171e-21  1.50000000e+01 -5.00000000e+01 
 2.00000000e+01 -5.75343739e-21  2.00000000e+01 -8.58975902e-21  2.00000000e+01 -5.00000000e+01 
 2.50000000e+01 -6.92825374e-21  2.50000000e+01 -8.09633615e-21  2.50000000e+01 -5.00000000e+01 
 3.00000000e+01 -8.01818195e-21  3.00000000e+01 -7.63856630e-21  3.00000000e+01 -5.00000000e+01 
 3.50000000e+01 -9.02935576e-21  3.50000000e+01 -7.21387331e-21  3.50000000e+01 -5.00000000e+01 
 4.00000000e+01 -9.96746566e-21  4.00000000e+01 -6.81986715e-21  4.00000000e+01 -5.00000000e+01 
 4.50000000e+01 -1.08377910e-20  4.50000000e+01 -6.45433050e-21  4.50000000e+01 -5.00000000e+01 
 5.00000000e+01 -1.48766078e-18  5.00000000e+01 -8.84277875e-19  5.00000000e+01 -5.00000000e+01 
 5.50000000e+01 -3.85935992e-17  5.50000000e+01 -2.01532661e-17  5.50000000e+01 -5.00000000e+01 
 6.00000000e+01 -5.82063886e-16  6.00000000e+01 -2.69883215e-16  6.00000000e+01 -5.00000000e+01 
 6.50000000e+01 -5.76870389e-15  6.50000000e+01 -2.39686599e-15  6.50000000e+01 -5.00000000e+01 
 7.00000000e+01 -4.10856911e-14  7.00000000e+01 -1.54206868e-14  7.00000000e+01 -5.00000000e+01 
 7.50000000e+01 -2.24722456e-13  7.50000000e+01 -7.67352347e-14  7.50000000e+01 -5.00000000e+01 
 8.00000000e+01 -9.92424482e-13  8.00000000e+01 -3.10270119e-13  8.00000000e+01 -5.00000000e+01 
 8.50000000e+01 -5.71501321e-12  8.50000000e+01 -1.56531951e-12  8.50000000e+01 -5.00000000e+01 
 9.00000000e+01 -1.69796621e-11  9.00000000e+01 -4.32951988e-12  9.00000000e+01 -5.00000000e+01 
 9.50000000e+01 -4.53084662e-11  9.50000000e+01 -1.07986016e-11  9.50000000e+01 -5.00000000e+01 
 1.00000000e+02 -1.10267682e-10  1.00000000e+02 -2.46567863e-11  1.00000000e+02 -5.00000000e+01 
 1.05000000e+02 -2.47851860e-10  1.05000000e+02 -5.21785244e-11  1.05000000e+02 -5.00000000e+01 
 1.10000000e+02 -5.19891644e-10  1.10000000e+02 -1.03380509e-10  1.10000000e+02 -5.00000000e+01 
 1.15000000e+02 -1.02649740e-09  1.15000000e+02 -1.93392716e-10  1.15000000e+02 -5.00000000e+01 
 1.20000000e+02 -1.92164408e-09  1.20000000e+02 -3.44006600e-10  1.20000000e+02 -5.00000000e+01 
 1.25000000e+02 -3.43177255e-09  1.25000000e+02 -5.85344647e-10  1.25000000e+02 -5.00000000e+01 
 1.30000000e+02 -5.87705732e-09  1.30000000e+02 -9.57588859e-10  1.30000000e+02 -5.00000000e+01 
 1.35000000e+02 -9.69479490e-09  1.35000000e+02 -1.51270580e-09  1.35000000e+02 -5.00000000e+01 
 1.40000000e+02 -1.54642197e-08  1.40000000e+02 -2.31611142e-09  1.40000000e+02 -5.00000000e+01 
 1.45000000e+02 -2.39319641e-08  1.45000000e+02 -3.44822775e-09  1.45000000e+02 -5.00000000e+01 
 1.50000000e+02 -3.60373460e-08  1.50000000e+02 -5.00589458e-09  1.50000000e+02 -5.00000000e+01 
 1.55000000e+02 -5.29366887e-08  1.55000000e+02 -7.10360986e-09  1.55000000e+02 -5.00000000e+01 
 1.60000000e+02 -7.60259418e-08  1.60000000e+02 -9.87458277e-09  1.60000000e+02 -5.00000000e+01 
 1.65000000e+02 -1.06960967e-07  1.65000000e+02 -1.34715918e-08  1.65000000e+02 -5.00000000e+01 
 1.70000000e+02 -1.47674971e-07  1.70000000e+02 -1.80676469e-08  1.70000000e+02 -5.00000000e+01 
 1.75000000e+02 -2.00392704e-07  1.75000000e+02 -2.38564599e-08  1.75000000e+02 -5.00000000e+01 
 1.80000000e+02 -2.67641147e-07  1.80000000e+02 -3.10527298e-08  1.80000000e+02 -5.00000000e+01 
 1.85000000e+02 -3.52256576e-07  1.85000000e+02 -3.98922527e-08  1.85000000e+02 -5.00000000e+01 
 1.90000000e+02 -4.57387966e-07  1.90000000e+02 -5.06318677e-08  1.90000000e+02 -5.00000000e+01 
 1.95000000e+02 -5.86496808e-07  1.95000000e+02 -6.35492470e-08  1.95000000e+02 -5.00000000e+01 
 2.00000000e+02 -7.43353516e-07  2.00000000e+02 -7.89425439e-08  2.00000000e+02 -5.00000000e+01 
 2.05000000e+02 -9.32030641e-07  2.05000000e+02 -9.71299082e-08  2.05000000e+02 -5.00000000e+01 
 2.10000000e+02 -1.15689316e-06  2.10000000e+02 -1.18448878e-07  2.10000000e+02 -5.00000000e+01 
 2.15000000e+02 -1.42258615e-06  2.15000000e+02 -1.43255663e-07  2.15000000e+02 -5.00000000e+01 
 2.20000000e+02 -1.73402025e-06  2.20000000e+02 -1.71924320e-07  2.20000000e+02 -5.00000000e+01 
 2.25000000e+02 -2.09635508e-06  2.25000000e+02 -2.04845843e-07  2.25000000e+02 -5.00000000e+01 
 2.30000000e+02 -2.51498120e-06  2.30000000e+02 -2.42427166e-07  2.30000000e+02 -5.00000000e+01 
 2.35000000e+02 -2.99550071e-06  2.35000000e+02 -2.85090097e-07  2.35000000e+02 -5.00000000e+01 
 2.40000000e+02 -3.54370695e-06  2.40000000e+02 -3.33270190e-07  2.40000000e+02 -5.00000000e+01 
 2.45000000e+02 -4.16556361e-06  2.45000000e+02 -3.87415558e-07  2.45000000e+02 -5.00000000e+01 
 2.50000000e+02 -4.86718337e-06  2.50000000e+02 -4.47985659e-07  2.50000000e+02 -5.00000000e+01 
 2.55000000e+02 -5.65480654e-06  2.55000000e+02 -5.15450030e-07  2.55000000e+02 -5.00000000e+01 
 2.60000000e+02 -6.53477972e-06  2.60000000e+02 -5.90287016e-07  2.60000000e+02 -5.00000000e+01 
 2.65000000e+02 -7.51353479e-06  2.65000000e+02 -6.72982477e-07  2.65000000e+02 -5.00000000e+01 
 2.70000000e+02 -8.59756844e-06  2.70000000e+02 -7.64028491e-07  2.70000000e+02 -5.00000000e+01 
 2.75000000e+02 -9.79342221e-06  2.75000000e+02 -8.63922066e-07  2.75000000e+02 -5.00000000e+01 
 2.80000000e+02 -1.11076633e-05  2.80000000e+02 -9.73163865e-07  2.80000000e+02 -5.00000000e+01 
 2.85000000e+02 -1.25468665e-05  2.85000000e+02 -1.09225695e-06  2.85000000e+02 -5.00000000e+01 
 2.90000000e+02 -1.41175962e-05  2.90000000e+02 -1.22170555e-06  2.90000000e+02 -5.00000000e+01 
 2.95000000e+02 -1.58263907e-05  2.95000000e+02 -1.36201389e-06  2.95000000e+02 -5.00000000e+01 
 3.00000000e+02 -1.76797462e-05  3.00000000e+02 -1.51368500e-06  3.00000000e+02 -5.00000000e+01 
 3.05000000e+02 -1.96841027e-05  3.05000000e+02 -1.67721965e-06  3.05000000e+02 -5.00000000e+01 
 3.10000000e+02 -2.18458305e-05  3.10000000e+02 -1.85311527e-06  3.10000000e+02 -5.00000000e+01 
 3.15000000e+02 -2.41712183e-05  3.15000000e+02 -2.04186496e-06  3.15000000e+02 -5.00000000e+01 
 3.20000000e+02 -2.66664612e-05  3.20000000e+02 -2.24395655e-06  3.20000000e+02 -5.00000000e+01 
 3.25000000e+02 -2.93376514e-05  3.25000000e+02 -2.45987167e-06  3.25000000e+02 -5.00000000e+01 
 3.30000000e+02 -3.21907684e-05  3.30000000e+02 -2.69008501e-06  3.30000000e+02 -5.00000000e+01 
 3.35000000e+02 -3.52316709e-05  3.35000000e+02 -2.93506345e-06  3.35000000e+02 -5.00000000e+01 
 3.40000000e+02 -3.84660895e-05  3.40000000e+02 -3.19526544e-06  3.40000000e+02 -5.00000000e+01 
 3.45000000e+02 -4.18996202e-05  3.45000000e+02 -3.47114034e-06  3.45000000e+02 -5.00000000e+01 
 3.50000000e+02 -4.55377190e-05  3.50000000e+02 -3.76312781e-06  3.50000000e+02 -5.00000000e+01 
 3.55000000e+02 -4.93856970e-05  3.55000000e+02 -4.07165732e-06  3.55000000e+02 -5.00000000e+01 
 3.60000000e+02 -5.34487165e-05  3.60000000e+02 -4.39714768e-06  3.60000000e+02 -5.00000000e+01 
 3.65000000e+02 -5.77317876e-05  3.65000000e+02 -4.74000666e-06  3.65000000e+02 -5.00000000e+01 
 3.70000000e+02 -6.22397656e-05  3.70000000e+02 -5.10063059e-06  3.70000000e+02 -5.00000000e+01 
 3.75000000e+02 -6.69773493e-05  3.75000000e+02 -5.47940414e-06  3.75000000e+02 -5.00000000e+01 
 3.80000000e+02 -7.19490791e-05  3.80000000e+02 -5.87670000e-06  3.80000000e+02 -5.00000000e+01 
 3.85000000e+02 -7.71593366e-05  3.85000000e+02 -6.29287875e-06  3.85000000e+02 -5.00000000e+01 
 3.90000000e+02 -8.26123439e-05  3.90000000e+02 -6.72828869e-06  3.90000000e+02 -5.00000000e+01 
 3.95000000e+02 -8.83121639e-05  3.95000000e+02 -7.18326572e-06  3.95000000e+02 -5.00000000e+01 
 4.00000000e+02 -9.42627008e-05  4.00000000e+02 -7.65813330e-06  4.00000000e+02 -5.00000000e+01 
 4.05000000e+02 -1.00467701e-04  4.05000000e+02 -8.15320242e-06  4.05000000e+02 -5.00000000e+01 
 4.10000000e+02 -1.06930754e-04  4.10000000e+02 -8.66877158e-06  4.10000000e+02 -5.00000000e+01 
 4.15000000e+02 -1.13655294e-04  4.15000000e+02 -9.20512689e-06  4.15000000e+02 -5.00000000e+01 
 4.20000000e+02 -1.20644602e-04  4.20000000e+02 -9.76254210e-06  4.20000000e+02 -5.00000000e+01 
 4.25000000e+02 -1.27901809e-04  4.25000000e+02 -1.03412787e-05  4.25000000e+02 -5.00000000e+01 
 4.30000000e+02 -1.35429896e-04  4.30000000e+02 -1.09415861e-05  4.30000000e+02 -5.00000000e+01 
 4.35000000e+02 -1.43094385e-04  4.35000000e+02 -1.15527595e-05  4.35000000e+02 -5.00000000e+01 
 4.40000000e+02 -1.51170057e-04  4.40000000e+02 -1.21967042e-05  4.40000000e+02 -5.00000000e+01 
 4.45000000e+02 -1.59525984e-04  4.45000000e+02 -1.28629975e-05  4.45000000e+02 -5.00000000e+01 
 4.50000000e+02 -1.68163346e-04  4.50000000e+02 -1.35517468e-05  4.50000000e+02 -5.00000000e+01 
 4.55000000e+02 -1.77084419e-04  4.55000000e+02 -1.42631434e-05  4.55000000e+02 -5.00000000e+01 
 4.60000000e+02 -1.86291344e-04  4.60000000e+02 -1.49973675e-05  4.60000000e+02 -5.00000000e+01 
 4.65000000e+02 -1.95786138e-04  4.65000000e+02 -1.57545887e-05  4.65000000e+02 -5.00000000e+01 
 4.70000000e+02 -2.05570687e-04  4.70000000e+02 -1.65349660e-05  4.70000000e+02 -5.00000000e+01 
 4.75000000e+02 -2.15646758e-04  4.75000000e+02 -1.73386482e-05  4.75000000e+02 -5.00000000e+01 
 4.80000000e+02 -2.26015999e-04  4.80000000e+02 -1.81657742e-05  4.80000000e+02 -5.00000000e+01 
 4.85000000e+02 -2.36679942e-04  4.85000000e+02 -1.90164731e-05  4.85000000e+02 -5.00000000e+01 
 4.90000000e+02 -2.47640005e-04  4.90000000e+02 -1.98908646e-05  4.90000000e+02 -5.00000000e+01 
 4.95000000e+02 -2.58897499e-04  4.95000000e+02 -2.07890594e-05  4.95000000e+02 -5.00000000e+01 
 5.00000000e+02 -2.70453629e-04  5.00000000e+02 -2.17111589e-05  5.00000000e+02 -5.00000000e+01 
 5.05000000e+02 -2.82309496e-04  5.05000000e+02 -2.26572563e-05  5.05000000e+02 -5.00000000e+01 
 5.10000000e+02 -2.94466104e-04  5.10000000e+02 -2.36274362e-05  5.10000000e+02 -5.00000000e+01 
 5.15000000e+02 -3.06924361e-04  5.15000000e+02 -2.46217754e-05  5.15000000e+02 -5.00000000e+01 
 5.20000000e+02 -3.19685079e-04  5.20000000e+02 -2.56403425e-05  5.20000000e+02 -5.00000000e+01 
 5.25000000e+02 -3.32748984e-04  5.25000000e+02 -2.66831990e-05  5.25000000e+02 -5.00000000e+01 
 5.30000000e+02 -3.46116715e-04  5.30000000e+02 -2.77503987e-05  5.30000000e+02 -5.00000000e+01 
 5.35000000e+02 -3.59788825e-04  5.35000000e+02 -2.88419888e-05  5.35000000e+02 -5.00000000e+01 
 5.40000000e+02 -3.73765789e-04  5.40000000e+02 -2.99580094e-05  5.40000000e+02 -5.00000000e+01 
 5.45000000e+02 -3.88048005e-04  5.45000000e+02 -3.10984942e-05  5.45000000e+02 -5.00000000e+01 
 5.50000000e+02 -4.02635793e-04  5.50000000e+02 -3.22634708e-05  5.50000000e+02 -5.00000000e+01 
 5.55000000e+02 -4.17529403e-04  5.55000000e+02 -3.34529606e-05  5.55000000e+02 -5.00000000e+01 
 5.60000000e+02 -4.32729018e-04  5.60000000e+02 -3.46669792e-05  5.60000000e+02 -5.00000000e+01 
 5.65000000e+02 -4.48234751e-04  5.65000000e+02 -3.59055368e-05  5.65000000e+02 -5.00000000e+01 
 5.70000000e+02 -4.64046653e-04  5.70000000e+02 -3.71686381e-05  5.70000000e+02 -5.00000000e+01 
 5.75000000e+02 -4.80164712e-04  5.75000000e+02 -3.84562828e-05  5.75000000e+02 -5.00000000e+01 
 5.80000000e+02 -4.96588860e-04  5.80000000e+02 -3.97684658e-05  5.80000000e+02 -5.00000000e+01 
 5.85000000e+02 -5.13318971e-04  5.85000000e+02 -4.11051769e-05  5.85000000e+02 -5.00000000e+01 
 5.90000000e+02 -5.30354864e-04  5.90000000e+02 -4.24664020e-05  5.90000000e+02 -5.00000000e+01 
 5.95000000e+02 -5.47696307e-04  5.95000000e+02 -4.38521221e-05  5.95000000e+02 -5.00000000e+01 
 6.00000000e+02 -5.65343019e-04  6.00000000e+02 -4.52623147e-05  6.00000000e+02 -5.00000000e+01 
 6.05000000e+02 -5.83294670e-04  6.05000000e+02 -4.66969528e-05  6.05000000e+02 -5.00000000e+01 
 6.10000000e+02 -6.01550887e-04  6.10000000e+02 -4.81560062e-05  6.10000000e+02 -5.00000000e+01 
 6.15000000e+02 -6.20111251e-04  6.15000000e+02 -4.96394407e-05  6.15000000e+02 -5.00000000e+01 
 6.20000000e+02 -6.38975303e-04  6.20000000e+02 -5.11472188e-05  6.20000000e+02 -5.00000000e+01 
 6.25000000e+02 -6.58142545e-04  6.25000000e+02 -5.26793001e-05  6.25000000e+02 -5.00000000e+01 
 6.30000000e+02 -6.77612440e-04  6.30000000e+02 -5.42356406e-05  6.30000000e+02 -5.00000000e+01 
 6.35000000e+02 -6.97384416e-04  6.35000000e+02 -5.58161938e-05  6.35000000e+02 -5.00000000e+01 
 6.40000000e+02 -7.17457866e-04  6.40000000e+02 -5.74209101e-05  6.40000000e+02 -5.00000000e+01 
 6.45000000e+02 -7.37832152e-04  6.45000000e+02 -5.90497374e-05  6.45000000e+02 -5.00000000e+01 
 6.50000000e+02 -7.58506602e-04  6.50000000e+02 -6.07026210e-05  6.50000000e+02 -5.00000000e+01 
 6.55000000e+02 -7.79480519e-04  6.55000000e+02 -6.23795041e-05  6.55000000e+02 -5.00000000e+01 
 6.60000000e+02 -8.00753174e-04  6.60000000e+02 -6.40803272e-05  6.60000000e+02 -5.00000000e+01 
 6.65000000e+02 -8.22323813e-04  6.65000000e+02 -6.58050291e-05  6.65000000e+02 -5.00000000e+01 
 6.70000000e+02 -8.44191659e-04  6.70000000e+02 -6.75535461e-05  6.70000000e+02 -5.00000000e+01 
 6.75000000e+02 -8.66355908e-04  6.75000000e+02 -6.93258131e-05  6.75000000e+02 -5.00000000e+01 
 6.80000000e+02 -8.88815734e-04  6.80000000e+02 -7.11217629e-05  6.80000000e+02 -5.00000000e+01 
 6.85000000e+02 -9.11570293e-04  6.85000000e+02 -7.29413266e-05  6.85000000e+02 -5.00000000e+01 
 6.90000000e+02 -9.34618717e-04  6.90000000e+02 -7.47844338e-05  6.90000000e+02 -5.00000000e+01 
 6.95000000e+02 -9.57960121e-04  6.95000000e+02 -7.66510126e-05  6.95000000e+02 -5.00000000e+01 
 7.00000000e+02 -9.81593603e-04  7.00000000e+02 -7.85409896e-05  7.00000000e+02 -5.00000000e+01 
 7.05000000e+02 -1.00551824e-03  7.05000000e+02 -8.04542902e-05  7.05000000e+02 -5.00000000e+01 
 7.10000000e+02 -1.02973310e-03  7.10000000e+02 -8.23908384e-05  7.10000000e+02 -5.00000000e+01 
 7.15000000e+02 -1.05423724e-03  7.15000000e+02 -8.43505572e-05  7.15000000e+02 -5.00000000e+01 
 7.20000000e+02 -1.07902968e-03  7.20000000e+02 -8.63333683e-05  7.20000000e+02 -5.00000000e+01 
 7.25000000e+02 -1.10410946e-03  7.25000000e+02 -8.83391928e-05  7.25000000e+02 -5.00000000e+01 
 7.30000000e+02 -1.12947557e-03  7.30000000e+02 -9.03679504e-05  7.30000000e+02 -5.00000000e+01 
 7.35000000e+02 -1.15512704e-03  7.35000000e+02 -9.24195602e-05  7.35000000e+02 -5.00000000e+01 
 7.40000000e+02 -1.18106283e-03  7.40000000e+02 -9.44939405e-05  7.40000000e+02 -5.00000000e+01 
 7.45000000e+02 -1.20728194e-03  7.45000000e+02 -9.65910087e-05  7.45000000e+02 -5.00000000e+01 
 7.50000000e+02 -1.23378334e-03  7.50000000e+02 -9.87106818e-05  7.50000000e+02 -5.00000000e+01 
 7.55000000e+02 -1.26056599e-03  7.55000000e+02 -1.00852876e-04  7.55000000e+02 -5.00000000e+01 
 7.60000000e+02 -1.28762885e-03  7.60000000e+02 -1.03017506e-04  7.60000000e+02 -5.00000000e+01 
 7.65000000e+02 -1.31497086e-03  7.65000000e+02 -1.05204489e-04  7.65000000e+02 -5.00000000e+01 
 7.70000000e+02 -1.34259097e-03  7.70000000e+02 -1.07413738e-04  7.70000000e+02 -5.00000000e+01 
 7.75000000e+02 -1.37048812e-03  7.75000000e+02 -1.09645167e-04  7.75000000e+02 -5.00000000e+01 
 7.80000000e+02 -1.39866124e-03  7.80000000e+02 -1.11898691e-04  7.80000000e+02 -5.00000000e+01 
 7.85000000e+02 -1.42710926e-03  7.85000000e+02 -1.14174224e-04  7.85000000e+02 -5.00000000e+01 
 7.90000000e+02 -1.45583110e-03  7.90000000e+02 -1.16471678e-04  7.90000000e+02 -5.00000000e+01 
 7.95000000e+02 -1.48482570e-03  7.95000000e+02 -1.18790966e-04  7.95000000e+02 -5.00000000e+01 
 8.00000000e+02 -1.51409195e-03  8.00000000e+02 -1.21132001e-04  8.00000000e+02 -5.00000000e+01 
 0.00000000e+00 -0.00000000e+00  0.00000000e+00 -1.10062027e-20  0.00000000e+00 -4.00000000e+01 
 5.00000000e+00 -1.74810619e-04  5.00000000e+00 -1.13623256e-03  5.00000000e+00 -4.00000000e+01 
 1.00000000e+01 -7.27642799e-04  1.00000000e+01 -2.30632278e-03  1.00000000e+01 -4.00000000e+01 
 1.50000000e+01 -1.45520786e-03  1.50000000e+01 -3.00004098e-03  1.50000000e+01 -4.00000000e+01 
 2.00000000e+01 -2.20384341e-03  2.00000000e+01 -3.32592577e-03  2.00000000e+01 -4.00000000e+01 
 2.50000000e+01 -2.91231395e-03  2.50000000e+01 -3.43339051e-03  2.50000000e+01 -4.00000000e+01 
 3.00000000e+01 -3.56674637e-03  3.00000000e+01 -3.42335651e-03  3.00000000e+01 -4.00000000e+01 
 3.50000000e+01 -4.16782288e-03  3.50000000e+01 -3.35158028e-03  3.50000000e+01 -4.00000000e+01 
 4.00000000e+01 -4.71996150e-03  4.00000000e+01 -3.24820485e-03  4.00000000e+01 -4.00000000e+01 
 4.50000000e+01 -5.22805439e-03  4.50000000e+01 -3.12979806e-03  4.50000000e+01 -4.00000000e+01 
 5.00000000e+01 -5.69658664e-03  5.00000000e+01 -3.00567615e-03  5.00000000e+01 -4.00000000e+01 
 5.50000000e+01 -6.12947416e-03  5.50000000e+01 -2.88117084e-03  5.50000000e+01 -4.00000000e+01 
 6.00000000e+01 -6.53010355e-03  6.00000000e+01 -2.75935321e-03  6.00000000e+01 -4.00000000e+01 
 6.50000000e+01 -6.90141486e-03  6.50000000e+01 -2.64197266e-03  6.50000000e+01 -4.00000000e+01 
 7.00000000e+01 -7.24598132e-03  7.00000000e+01 -2.52998587e-03  7.00000000e+01 -4.00000000e+01 
 7.50000000e+01 -7.56607524e-03  7.50000000e+01 -2.42386451e-03  7.50000000e+01 -4.00000000e+01 
 8.00000000e+01 -7.86371996e-03  8.00000000e+01 -2.32377942e-03  8.00000000e+01 -4.00000000e+01 
 8.50000000e+01 -8.14073044e-03  8.50000000e+01 -2.22971386e-03  8.50000000e+01 -4.00000000e+01 
 9.00000000e+01 -8.39874497e-03  9.00000000e+01 -2.14153457e-03  9.00000000e+01 -4.00000000e+01 
 9.50000000e+01 -8.63925017e-03  9.50000000e+01 -2.05903727e-03  9.50000000e+01 -4.00000000e+01 
 1.00000000e+02 -8.86360108e-03  1.00000000e+02 -1.98197617e-03  1.00000000e+02 -4.00000000e+01 
 1.05000000e+02 -9.07303737e-03  1.05000000e+02 -1.91008331e-03  1.05000000e+02 -4.00000000e+01 
 1.10000000e+02 -9.26869668e-03  1.10000000e+02 -1.84308132e-03  1.10000000e+02 -4.00000000e+01 
 1.15000000e+02 -9.45162574e-03  1.15000000e+02 -1.78069186e-03  1.15000000e+02 -4.00000000e+01 
 1.20000000e+02 -9.62278969e-03  1.20000000e+02 -1.72264114e-03  1.20000000e+02 -4.00000000e+01 
 1.25000000e+02 -9.78307999e-03  1.25000000e+02 -1.66866347e-03  1.25000000e+02 -4.00000000e+01 
 1.30000000e+02 -9.93332126e-03  1.30000000e+02 -1.61850349e-03  1.30000000e+02 -4.00000000e+01 
 1.35000000e+02 -1.00742772e-02  1.35000000e+02 -1.57191749e-03  1.35000000e+02 -4.00000000e+01 
 1.40000000e+02 -1.02066558e-02  1.40000000e+02 -1.52867409e-03  1.40000000e+02 -4.00000000e+01 
 1.45000000e+02 -1.03311137e-02  1.45000000e+02 -1.48855450e-03  1.45000000e+02 -4.00000000e+01 
 1.50000000e+02 -1.04518182e-02  1.50000000e+02 -1.44992702e-03  1.50000000e+02 -4.00000000e+01 
 1.55000000e+02 -1.05619451e-02  1.55000000e+02 -1.41554305e-03  1.55000000e+02 -4.00000000e+01 
 1.60000000e+02 -1.06658708e-02  1.60000000e+02 -1.38369536e-03  1.60000000e+02 -4.00000000e+01 
 1.65000000e+02 -1.07640841e-02  1.65000000e+02 -1.35421290e-03  1.65000000e+02 -4.00000000e+01 
 1.70000000e+02 -1.08570374e-02  1.70000000e+02 -1.32693628e-03  1.70000000e+02 -4.00000000e+01 
 1.75000000e+02 -1.09451514e-02  1.75000000e+02 -1.30171648e-03  1.75000000e+02 -4.00000000e+01 
 1.80000000e+02 -1.10288167e-02  1.80000000e+02 -1.27841434e-03  1.80000000e+02 -4.00000000e+01 
 1.85000000e+02 -1.11083964e-02  1.85000000e+02 -1.25689995e-03  1.85000000e+02 -4.00000000e+01 
 1.90000000e+02 -1.11842278e-02  1.90000000e+02 -1.23705217e-03  1.90000000e+02 -4.00000000e+01 
 1.95000000e+02 -1.12566240e-02  1.95000000e+02 -1.21875801e-03  1.95000000e+02 -4.00000000e+01 
 2.00000000e+02 -1.13258759e-02  2.00000000e+02 -1.20191221e-03  2.00000000e+02 -4.00000000e+01 
 2.05000000e+02 -1.13922535e-02  2.05000000e+02 -1.18641671e-03  2.05000000e+02 -4.00000000e+01 
 2.10000000e+02 -1.14560072e-02  2.10000000e+02 -1.17218016e-03  2.10000000e+02 -4.00000000e+01 
 2.15000000e+02 -1.15173697e-02  2.15000000e+02 -1.15911753e-03  2.15000000e+02 -4.00000000e+01 
 2.20000000e+02 -1.15765565e-02  2.20000000e+02 -1.14714966e-03  2.20000000e+02 -4.00000000e+01 
 2.25000000e+02 -1.16337676e-02  2.25000000e+02 -1.13620288e-03  2.25000000e+02 -4.00000000e+01 
 2.30000000e+02 -1.16891883e-02  2.30000000e+02 -1.12620864e-03  2.30000000e+02 -4.00000000e+01 
 2.35000000e+02 -1.17429903e-02  2.35000000e+02 -1.11710316e-03  2.35000000e+02 -4.00000000e+01 
 2.40000000e+02 -1.17953326e-02  2.40000000e+02 -1.10882709e-03  2.40000000e+02 -4.00000000e+01 
 2.45000000e+02 -1.18463626e-02  2.45000000e+02 -1.10132522e-03  2.45000000e+02 -4.00000000e+01 
 2.50000000e+02 -1.18962165e-02  2.50000000e+02 -1.09454621e-03  2.50000000e+02 -4.00000000e+01 
 2.55000000e+02 -1.19450203e-02  2.55000000e+02 -1.08844229e-03  2.55000000e+02 -4.00000000e+01 
 2.60000000e+02 -1.19928908e-02  2.60000000e+02 -1.08296902e-03  2.60000000e+02 -4.00000000e+01 
 2.65000000e+02 -1.20399357e-02  2.65000000e+02 -1.07808509e-03  2.65000000e+02 -4.00000000e+01 
 2.70000000e+02 -1.20862545e-02  2.70000000e+02 -1.07375204e-03  2.70000000e+02 -4.00000000e+01 
 2.75000000e+02 -1.21319393e-02  2.75000000e+02 -1.06993411e-03  2.75000000e+02 -4.00000000e+01 
 2.80000000e+02 -1.21770750e-02  2.80000000e+02 -1.06659804e-03  2.80000000e+02 -4.00000000e+01 
 2.85000000e+02 -1.22217398e-02  2.85000000e+02 -1.06371288e-03  2.85000000e+02 -4.00000000e+01 
 2.90000000e+02 -1.22660059e-02  2.90000000e+02 -1.06124983e-03  2.90000000e+02 -4.00000000e+01 
 2.95000000e+02 -1.23099399e-02  2.95000000e+02 -1.05918210e-03  2.95000000e+02 -4.00000000e+01 
 3.00000000e+02 -1.23536031e-02  3.00000000e+02 -1.05748477e-03  3.00000000e+02 -4.00000000e+01 
 3.05000000e+02 -1.23970518e-02  3.05000000e+02 -1.05613463e-03  3.05000000e+02 -4.00000000e+01 
 3.10000000e+02 -1.24403380e-02  3.10000000e+02 -1.05511009e-03  3.10000000e+02 -4.00000000e+01 
 3.15000000e+02 -1.24835093e-02  3.15000000e+02 -1.05439104e-03  3.15000000e+02 -4.00000000e+01 
 3.20000000e+02 -1.25266095e-02  3.20000000e+02 -1.05395878e-03  3.20000000e+02 -4.00000000e+01 
 3.25000000e+02 -1.25696787e-02  3.25000000e+02 -1.05379589e-03  3.25000000e+02 -4.00000000e+01 
 3.30000000e+02 -1.26127538e-02  3.30000000e+02 -1.05388613e-03  3.30000000e+02 -4.00000000e+01 
 3.35000000e+02 -1.26558685e-02  3.35000000e+02 -1.05421439e-03  3.35000000e+02 -4.00000000e+01 
 3.40000000e+02 -1.26990537e-02  3.40000000e+02 -1.05476659e-03  3.40000000e+02 -4.00000000e+01 
 3.45000000e+02 -1.27423375e-02  3.45000000e+02 -1.05552963e-03  3.45000000e+02 -4.00000000e+01 
 3.50000000e+02 -1.27857457e-02  3.50000000e+02 -1.05649127e-03  3.50000000e+02 -4.00000000e+01 
 3.55000000e+02 -1.28293017e-02  3.55000000e+02 -1.05764012e-03  3.55000000e+02 -4.00000000e+01 
 3.60000000e+02 -1.28730269e-02  3.60000000e+02 -1.05896555e-03  3.60000000e+02 -4.00000000e+01 
 3.65000000e+02 -1.29169407e-02  3.65000000e+02 -1.06045767e-03  3.65000000e+02 -4.00000000e+01 
 3.70000000e+02 -1.29610606e-02  3.70000000e+02 -1.06210724e-03  3.70000000e+02 -4.00000000e+01 
 3.75000000e+02 -1.30054027e-02  3.75000000e+02 -1.06390563e-03  3.75000000e+02 -4.00000000e+01 
 3.80000000e+02 -1.30499813e-02  3.80000000e+02 -1.06584480e-03  3.80000000e+02 -4.00000000e+01 
 3.85000000e+02 -1.30948094e-02  3.85000000e+02 -1.06791726e-03  3.85000000e+02 -4.00000000e+01 
 3.90000000e+02 -1.31398986e-02  3.90000000e+02 -1.07011598e-03  3.90000000e+02 -4.00000000e+01 
 3.95000000e+02 -1.31852593e-02  3.95000000e+02 -1.07243443e-03  3.95000000e+02 -4.00000000e+01 
 4.00000000e+02 -1.32309009e-02  4.00000000e+02 -1.07486649e-03  4.00000000e+02 -4.00000000e+01 
 4.05000000e+02 -1.32768317e-02  4.05000000e+02 -1.07740645e-03  4.05000000e+02 -4.00000000e+01 
 4.10000000e+02 -1.33230590e-02  4.10000000e+02 -1.08004897e-03  4.10000000e+02 -4.00000000e+01 
 4.15000000e+02 -1.33695893e-02  4.15000000e+02 -1.08278905e-03  4.15000000e+02 -4.00000000e+01 
 4.20000000e+02 -1.34164282e-02  4.20000000e+02 -1.08562203e-03  4.20000000e+02 -4.00000000e+01 
 4.25000000e+02 -1.34635807e-02  4.25000000e+02 -1.08854354e-03  4.25000000e+02 -4.00000000e+01 
 4.30000000e+02 -1.35110509e-02  4.30000000e+02 -1.09154949e-03  4.30000000e+02 -4.00000000e+01 
 4.35000000e+02 -1.35588424e-02  4.35000000e+02 -1.09463605e-03  4.35000000e+02 -4.00000000e+01 
 4.40000000e+02 -1.36069583e-02  4.40000000e+02 -1.09779963e-03  4.40000000e+02 -4.00000000e+01 
 4.45000000e+02 -1.36554010e-02  4.45000000e+02 -1.10103688e-03  4.45000000e+02 -4.00000000e+01 
 4.50000000e+02 -1.37041726e-02  4.50000000e+02 -1.10434465e-03  4.50000000e+02 -4.00000000e+01 
 4.55000000e+02 -1.37532745e-02  4.55000000e+02 -1.10771998e-03  4.55000000e+02 -4.00000000e+01 
 4.60000000e+02 -1.38027080e-02  4.60000000e+02 -1.11116011e-03  4.60000000e+02 -4.00000000e+01 
 4.65000000e+02 -1.38524738e-02  4.65000000e+02 -1.11466242e-03  4.65000000e+02 -4.00000000e+01 
 4.70000000e+02 -1.39025723e-02  4.70000000e+02 -1.11822449e-03  4.70000000e+02 -4.00000000e+01 
 4.75000000e+02 -1.39530037e-02  4.75000000e+02 -1.12184402e-03  4.75000000e+02 -4.00000000e+01 
 4.80000000e+02 -1.40037677e-02  4.80000000e+02 -1.12551886e-03  4.80000000e+02 -4.00000000e+01 
 4.85000000e+02 -1.40548639e-02  4.85000000e+02 -1.12924697e-03  4.85000000e+02 -4.00000000e+01 
 4.90000000e+02 -1.41062917e-02  4.90000000e+02 -1.13302645e-03  4.90000000e+02 -4.00000000e+01 
 4.95000000e+02 -1.41580502e-02  4.95000000e+02 -1.13685551e-03  4.95000000e+02 -4.00000000e+01 
 5.00000000e+02 -1.42101383e-02  5.00000000e+02 -1.14073246e-03  5.00000000e+02 -4.00000000e+01 
 5.05000000e+02 -1.42625548e-02  5.05000000e+02 -1.14465571e-03  5.05000000e+02 -4.00000000e+01 
 5.10000000e+02 -1.43152981e-02  5.10000000e+02 -1.14862375e-03  5.10000000e+02 -4.00000000e+01 
 5.15000000e+02 -1.43683669e-02  5.15000000e+02 -1.15263517e-03  5.15000000e+02 -4.00000000e+01 
 5.20000000e+02 -1.44217594e-02  5.20000000e+02 -1.15668864e-03  5.20000000e+02 -4.00000000e+01 
 5.25000000e+02 -1.44754737e-02  5.25000000e+02 -1.16078289e-03  5.25000000e+02 -4.00000000e+01 
 5.30000000e+02 -1.45295081e-02  5.30000000e+02 -1.16491674e-03  5.30000000e+02 -4.00000000e+01 
 5.35000000e+02 -1.45838605e-02  5.35000000e+02 -1.16908905e-03  5.35000000e+02 -4.00000000e+01 
 5.40000000e+02 -1.46385289e-02  5.40000000e+02 -1.17329876e-03  5.40000000e+02 -4.00000000e+01 
 5.45000000e+02 -1.46935111e-02  5.45000000e+02 -1.17754486e-03  5.45000000e+02 -4.00000000e+01 
 5.50000000e+02 -1.47488048e-02  5.50000000e+02 -1.18182640e-03  5.50000000e+02 -4.00000000e+01 
 5.55000000e+02 -1.48044080e-02  5.55000000e+02 -1.18614246e-03  5.55000000e+02 -4.00000000e+01 
 5.60000000e+02 -1.48603182e-02  5.60000000e+02 -1.19049220e-03  5.60000000e+02 -4.00000000e+01 
 5.65000000e+02 -1.49165332e-02  5.65000000e+02 -1.19487478e-03  5.65000000e+02 -4.00000000e+01 
 5.70000000e+02 -1.49730504e-02  5.70000000e+02 -1.19928945e-03  5.70000000e+02 -4.00000000e+01 
 5.75000000e+02 -1.50298677e-02  5.75000000e+02 -1.20373546e-03  5.75000000e+02 -4.00000000e+01 
 5.80000000e+02 -1.50869825e-02  5.80000000e+02 -1.20821211e-03  5.80000000e+02 -4.00000000e+01 
 5.85000000e+02 -1.51443924e-02  5.85000000e+02 -1.21271874e-03  5.85000000e+02 -4.00000000e+01 
 5.90000000e+02 -1.52020950e-02  5.90000000e+02 -1.21725471e-03  5.90000000e+02 -4.00000000e+01 
 5.95000000e+02 -1.52600877e-02  5.95000000e+02 -1.22181942e-03  5.95000000e+02 -4.00000000e+01 
 6.00000000e+02 -1.53183683e-02  6.00000000e+02 -1.22641229e-03  6.00000000e+02 -4.00000000e+01 
 6.05000000e+02 -1.53769341e-02  6.05000000e+02 -1.23103277e-03  6.05000000e+02 -4.00000000e+01 
 6.10000000e+02 -1.54357828e-02  6.10000000e+02 -1.23568033e-03  6.10000000e+02 -4.00000000e+01 
 6.15000000e+02 -1.54949118e-02  6.15000000e+02 -1.24035447e-03  6.15000000e+02 -4.00000000e+01 
 6.20000000e+02 -1.55543189e-02  6.20000000e+02 -1.24505471e-03  6.20000000e+02 -4.00000000e+01 
 6.25000000e+02 -1.56140014e-02  6.25000000e+02 -1.24978059e-03  6.25000000e+02 -4.00000000e+01 
 6.30000000e+02 -1.56739571e-02  6.30000000e+02 -1.25453167e-03  6.30000000e+02 -4.00000000e+01 
 6.35000000e+02 -1.57341834e-02  6.35000000e+02 -1.25930752e-03  6.35000000e+02 -4.00000000e+01 
 6.40000000e+02 -1.57946781e-02  6.40000000e+02 -1.26410775e-03  6.40000000e+02 -4.00000000e+01 
 6.45000000e+02 -1.58554387e-02  6.45000000e+02 -1.26893195e-03  6.45000000e+02 -4.00000000e+01 
 6.50000000e+02 -1.59164630e-02  6.50000000e+02 -1.27377976e-03  6.50000000e+02 -4.00000000e+01 
 6.55000000e+02 -1.59777485e-02  6.55000000e+02 -1.27865082e-03  6.55000000e+02 -4.00000000e+01 
 6.60000000e+02 -1.60392929e-02  6.60000000e+02 -1.28354477e-03  6.60000000e+02 -4.00000000e+01 
 6.65000000e+02 -1.61010941e-02  6.65000000e+02 -1.28846130e-03  6.65000000e+02 -4.00000000e+01 
 6.70000000e+02 -1.61631496e-02  6.70000000e+02 -1.29340007e-03  6.70000000e+02 -4.00000000e+01 
 6.75000000e+02 -1.62254573e-02  6.75000000e+02 -1.29836078e-03  6.75000000e+02 -4.00000000e+01 
 6.80000000e+02 -1.62880150e-02  6.80000000e+02 -1.30334313e-03  6.80000000e+02 -4.00000000e+01 
 6.85000000e+02 -1.63508204e-02  6.85000000e+02 -1.30834682e-03  6.85000000e+02 -4.00000000e+01 
 6.90000000e+02 -1.64138715e-02  6.90000000e+02 -1.31337159e-03  6.90000000e+02 -4.00000000e+01 
 6.95000000e+02 -1.64771660e-02  6.95000000e+02 -1.31841717e-03  6.95000000e+02 -4.00000000e+01 
 7.00000000e+02 -1.65407018e-02  7.00000000e+02 -1.32348329e-03  7.00000000e+02 -4.00000000e+01 
 7.05000000e+02 -1.66044769e-02  7.05000000e+02 -1.32856969e-03  7.05000000e+02 -4.00000000e+01 
 7.10000000e+02 -1.66684892e-02  7.10000000e+02 -1.33367615e-03  7.10000000e+02 -4.00000000e+01 
 7.15000000e+02 -1.67327367e-02  7.15000000e+02 -1.33880242e-03  7.15000000e+02 -4.00000000e+01 
 7.20000000e+02 -1.67972174e-02  7.20000000e+02 -1.34394827e-03  7.20000000e+02 -4.00000000e+01 
 7.25000000e+02 -1.68619292e-02  7.25000000e+02 -1.34911348e-03  7.25000000e+02 -4.00000000e+01 
 7.30000000e+02 -1.69268702e-02  7.30000000e+02 -1.35429783e-03  7.30000000e+02 -4.00000000e+01 
 7.35000000e+02 -1.69920386e-02  7.35000000e+02 -1.35950112e-03  7.35000000e+02 -4.00000000e+01 
 7.40000000e+02 -1.70574323e-02  7.40000000e+02 -1.36472313e-03  7.40000000e+02 -4.00000000e+01 
 7.45000000e+02 -1.71230496e-02  7.45000000e+02 -1.36996368e-03  7.45000000e+02 -4.00000000e+01 
 7.50000000e+02 -1.71888885e-02  7.50000000e+02 -1.37522258e-03  7.50000000e+02 -4.00000000e+01 
 7.55000000e+02 -1.72549473e-02  7.55000000e+02 -1.38049962e-03  7.55000000e+02 -4.00000000e+01 
 7.60000000e+02 -1.73212241e-02  7.60000000e+02 -1.38579463e-03  7.60000000e+02 -4.00000000e+01 
 7.65000000e+02 -1.73877173e-02  7.65000000e+02 -1.39110744e-03  7.65000000e+02 -4.00000000e+01 
 7.70000000e+02 -1.74544249e-02  7.70000000e+02 -1.39643787e-03  7.70000000e+02 -4.00000000e+01 
 7.75000000e+02 -1.75213454e-02  7.75000000e+02 -1.40178575e-03  7.75000000e+02 -4.00000000e+01 
 7.80000000e+02 -1.75884771e-02  7.80000000e+02 -1.40715091e-03  7.80000000e+02 -4.00000000e+01 
 7.85000000e+02 -1.76558182e-02  7.85000000e+02 -1.41253320e-03  7.85000000e+02 -4.00000000e+01 
 7.90000000e+02 -1.77233671e-02  7.90000000e+02 -1.41793246e-03  7.90000000e+02 -4.00000000e+01 
 7.95000000e+02 -1.77911222e-02  7.95000000e+02 -1.42334853e-03  7.95000000e+02 -4.00000000e+01 
 8.00000000e+02 -1.78590818e-02  8.00000000e+02 -1.42878127e-03  8.00000000e+02 -4.00000000e+01 
 0.00000000e+00 -0.00000000e+00  0.00000000e+00 -1.10062027e-20  0.00000000e+00 -3.00000000e+01 
 5.00000000e+00 -9.07375398e-04  5.00000000e+00 -5.89775079e-03  5.00000000e+00 -3.00000000e+01 
 1.00000000e+01 -3.77501508e-03  1.00000000e+01 -1.19652160e-02  1.00000000e+01 -3.00000000e+01 
 1.50000000e+01 -7.54419025e-03  1.50000000e+01 -1.55530221e-02  1.50000000e+01 -3.00000000e+01 
 2.00000000e+01 -1.14157645e-02  2.00000000e+01 -1.72280777e-02  2.00000000e+01 -3.00000000e+01 
 2.50000000e+01 -1.50718211e-02  2.50000000e+01 -1.77684990e-02  2.50000000e+01 -3.00000000e+01 
 3.00000000e+01 -1.84409342e-02  3.00000000e+01 -1.76995742e-02  3.00000000e+01 -3.00000000e+01 
 3.50000000e+01 -2.15273439e-02  3.50000000e+01 -1.73113453e-02  3.50000000e+01 -3.00000000e+01 
 4.00000000e+01 -2.43546486e-02  4.00000000e+01 -1.67604943e-02  4.00000000e+01 -3.00000000e+01 
 4.50000000e+01 -2.69488428e-02  4.50000000e+01 -1.61330448e-02  4.50000000e+01 -3.00000000e+01 
 5.00000000e+01 -2.93337415e-02  5.00000000e+01 -1.54772907e-02  5.00000000e+01 -3.00000000e+01 
 5.50000000e+01 -3.15301454e-02  5.50000000e+01 -1.48208041e-02  5.50000000e+01 -3.00000000e+01 
 6.00000000e+01 -3.35560543e-02  6.00000000e+01 -1.41794086e-02  6.00000000e+01 -3.00000000e+01 
 6.50000000e+01 -3.54271028e-02  6.50000000e+01 -1.35620650e-02  6.50000000e+01 -3.00000000e+01 
 7.00000000e+01 -3.71569788e-02  7.00000000e+01 -1.29736232e-02  7.00000000e+01 -3.00000000e+01 
 7.50000000e+01 -3.87577693e-02  7.50000000e+01 -1.24164218e-02  7.50000000e+01 -3.00000000e+01 
 8.00000000e+01 -4.02402326e-02  8.00000000e+01 -1.18912455e-02  8.00000000e+01 -3.00000000e+01 
 8.50000000e+01 -4.16140108e-02  8.50000000e+01 -1.13979129e-02  8.50000000e+01 -3.00000000e+01 
 9.00000000e+01 -4.28877958e-02  9.00000000e+01 -1.09356455e-02  9.00000000e+01 -3.00000000e+01 
 9.50000000e+01 -4.40694611e-02  9.50000000e+01 -1.05033031e-02  9.50000000e+01 -3.00000000e+01 
 1.00000000e+02 -4.51661665e-02  1.00000000e+02 -1.00995369e-02  1.00000000e+02 -3.00000000e+01 
 1.05000000e+02 -4.61844442e-02  1.05000000e+02 -9.72288910e-03  1.05000000e+02 -3.00000000e+01 
 1.10000000e+02 -4.71302697e-02  1.10000000e+02 -9.37185915e-03  1.10000000e+02 -3.00000000e+01 
 1.15000000e+02 -4.80091208e-02  1.15000000e+02 -9.04494668e-03  1.15000000e+02 -3.00000000e+01 
 1.20000000e+02 -4.88260286e-02  1.20000000e+02 -8.74068004e-03  1.20000000e+02 -3.00000000e+01 
 1.25000000e+02 -4.95856203e-02  1.25000000e+02 -8.45763434e-03  1.25000000e+02 -3.00000000e+01 
 1.30000000e+02 -5.02921574e-02  1.30000000e+02 -8.19444272e-03  1.30000000e+02 -3.00000000e+01 
 1.35000000e+02 -5.09495684e-02  1.35000000e+02 -7.94980282e-03  1.35000000e+02 -3.00000000e+01 
 1.40000000e+02 -5.15614780e-02  1.40000000e+02 -7.72248002e-03  1.40000000e+02 -3.00000000e+01 
 1.45000000e+02 -5.21312332e-02  1.45000000e+02 -7.51130847e-03  1.45000000e+02 -3.00000000e+01 
 1.50000000e+02 -5.26619265e-02  1.50000000e+02 -7.31519055e-03  1.50000000e+02 -3.00000000e+01 
 1.55000000e+02 -5.31740603e-02  1.55000000e+02 -7.12625034e-03  1.55000000e+02 -3.00000000e+01 
 1.60000000e+02 -5.36337123e-02  1.60000000e+02 -6.95768056e-03  1.60000000e+02 -3.00000000e+01 
 1.65000000e+02 -5.40623376e-02  1.65000000e+02 -6.80123602e-03  1.65000000e+02 -3.00000000e+01 
 1.70000000e+02 -5.44622033e-02  1.70000000e+02 -6.65606821e-03  1.70000000e+02 -3.00000000e+01 
 1.75000000e+02 -5.48353991e-02  1.75000000e+02 -6.52138882e-03  1.75000000e+02 -3.00000000e+01 
 1.80000000e+02 -5.51838599e-02  1.80000000e+02 -6.39646236e-03  1.80000000e+02 -3.00000000e+01 
 1.85000000e+02 -5.55093784e-02  1.85000000e+02 -6.28060303e-03  1.85000000e+02 -3.00000000e+01 
 1.90000000e+02 -5.58136155e-02  1.90000000e+02 -6.17317183e-03  1.90000000e+02 -3.00000000e+01 
 1.95000000e+02 -5.60981103e-02  1.95000000e+02 -6.07357354e-03  1.95000000e+02 -3.00000000e+01 
 2.00000000e+02 -5.63642894e-02  2.00000000e+02 -5.98125403e-03  2.00000000e+02 -3.00000000e+01 
 2.05000000e+02 -5.66134752e-02  2.05000000e+02 -5.89569759e-03  2.05000000e+02 -3.00000000e+01 
 2.10000000e+02 -5.68468937e-02  2.10000000e+02 -5.81642437e-03  2.10000000e+02 -3.00000000e+01 
 2.15000000e+02 -5.70656817e-02  2.15000000e+02 -5.74298805e-03  2.15000000e+02 -3.00000000e+01 
 2.20000000e+02 -5.72708933e-02  2.20000000e+02 -5.67497357e-03  2.20000000e+02 -3.00000000e+01 
 2.25000000e+02 -5.74635062e-02  2.25000000e+02 -5.61199504e-03  2.25000000e+02 -3.00000000e+01 
 2.30000000e+02 -5.76444272e-02  2.30000000e+02 -5.55369370e-03  2.30000000e+02 -3.00000000e+01 
 2.35000000e+02 -5.78144972e-02  2.35000000e+02 -5.49973614e-03  2.35000000e+02 -3.00000000e+01 
 2.40000000e+02 -5.79744967e-02  2.40000000e+02 -5.44981248e-03  2.40000000e+02 -3.00000000e+01 
 2.45000000e+02 -5.81251495e-02  2.45000000e+02 -5.40363479e-03  2.45000000e+02 -3.00000000e+01 
 2.50000000e+02 -5.82671273e-02  2.50000000e+02 -5.36093555e-03  2.50000000e+02 -3.00000000e+01 
 2.55000000e+02 -5.84010531e-02  2.55000000e+02 -5.32146622e-03  2.55000000e+02 -3.00000000e+01 
 2.60000000e+02 -5.85275055e-02  2.60000000e+02 -5.28499592e-03  2.60000000e+02 -3.00000000e+01 
 2.65000000e+02 -5.86470210e-02  2.65000000e+02 -5.25131021e-03  2.65000000e+02 -3.00000000e+01 
 2.70000000e+02 -5.87600979e-02  2.70000000e+02 -5.22020991e-03  2.70000000e+02 -3.00000000e+01 
 2.75000000e+02 -5.88671984e-02  2.75000000e+02 -5.19151003e-03  2.75000000e+02 -3.00000000e+01 
 2.80000000e+02 -5.89687518e-02  2.80000000e+02 -5.16503877e-03  2.80000000e+02 -3.00000000e+01 
 2.85000000e+02 -5.90651564e-02  2.85000000e+02 -5.14063661e-03  2.85000000e+02 -3.00000000e+01 
 2.90000000e+02 -5.91567823e-02  2.90000000e+02 -5.11815541e-03  2.90000000e+02 -3.00000000e+01 
 2.95000000e+02 -5.92439728e-02  2.95000000e+02 -5.09745762e-03  2.95000000e+02 -3.00000000e+01 
 3.00000000e+02 -5.93270469e-02  3.00000000e+02 -5.07841555e-03  3.00000000e+02 -3.00000000e+01 
 3.05000000e+02 -5.94063008e-02  3.05000000e+02 -5.06091062e-03  3.05000000e+02 -3.00000000e+01 
 3.10000000e+02 -5.94820097e-02  3.10000000e+02 -5.04483276e-03  3.10000000e+02 -3.00000000e+01 
 3.15000000e+02 -5.95544290e-02  3.15000000e+02 -5.03007978e-03  3.15000000e+02 -3.00000000e+01 
 3.20000000e+02 -5.96237962e-02  3.20000000e+02 -5.01655683e-03  3.20000000e+02 -3.00000000e+01 
 3.25000000e+02 -5.96903318e-02  3.25000000e+02 -5.00417583e-03  3.25000000e+02 -3.00000000e+01 
 3.30000000e+02 -5.97542408e-02  3.30000000e+02 -4.99285507e-03  3.30000000e+02 -3.00000000e+01 
 3.35000000e+02 -5.98157137e-02  3.35000000e+02 -4.98251867e-03  3.35000000e+02 -3.00000000e+01 
 3.40000000e+02 -5.98749276e-02  3.40000000e+02 -4.97309623e-03  3.40000000e+02 -3.00000000e+01 
 3.45000000e+02 -5.99320471e-02  3.45000000e+02 -4.96452240e-03  3.45000000e+02 -3.00000000e+01 
 3.50000000e+02 -5.99872251e-02  3.50000000e+02 -4.95673653e-03  3.50000000e+02 -3.00000000e+01 
 3.55000000e+02 -6.00406040e-02  3.55000000e+02 -4.94968233e-03  3.55000000e+02 -3.00000000e+01 
 3.60000000e+02 -6.00923163e-02  3.60000000e+02 -4.94330760e-03  3.60000000e+02 -3.00000000e+01 
 3.65000000e+02 -6.01424850e-02  3.65000000e+02 -4.93756385e-03  3.65000000e+02 -3.00000000e+01 
 3.70000000e+02 -6.01912248e-02  3.70000000e+02 -4.93240614e-03  3.70000000e+02 -3.00000000e+01 
 3.75000000e+02 -6.02386423e-02  3.75000000e+02 -4.92779273e-03  3.75000000e+02 -3.00000000e+01 
 3.80000000e+02 -6.02848368e-02  3.80000000e+02 -4.92368493e-03  3.80000000e+02 -3.00000000e+01 
 3.85000000e+02 -6.03299008e-02  3.85000000e+02 -4.92004683e-03  3.85000000e+02 -3.00000000e+01 
 3.90000000e+02 -6.03739204e-02  3.90000000e+02 -4.91684512e-03  3.90000000e+02 -3.00000000e+01 
 3.95000000e+02 -6.04169757e-02  3.95000000e+02 -4.91404891e-03  3.95000000e+02 -3.00000000e+01 
 4.00000000e+02 -6.04591416e-02  4.00000000e+02 -4.91162953e-03  4.00000000e+02 -3.00000000e+01 
 4.05000000e+02 -6.05004878e-02  4.05000000e+02 -4.90956041e-03  4.05000000e+02 -3.00000000e+01 
 4.10000000e+02 -6.05410792e-02  4.10000000e+02 -4.90781691e-03  4.10000000e+02 -3.00000000e+01 
 4.15000000e+02 -6.05809765e-02  4.15000000e+02 -4.90637617e-03  4.15000000e+02 -3.00000000e+01 
 4.20000000e+02 -6.06202362e-02  4.20000000e+02 -4.90521699e-03  4.20000000e+02 -3.00000000e+01 
 4.25000000e+02 -6.06589111e-02  4.25000000e+02 -4.90431972e-03  4.25000000e+02 -3.00000000e+01 
 4.30000000e+02 -6.06970505e-02  4.30000000e+02 -4.90366616e-03  4.30000000e+02 -3.00000000e+01 
 4.35000000e+02 -6.07347005e-02  4.35000000e+02 -4.90323942e-03  4.35000000e+02 -3.00000000e+01 
 4.40000000e+02 -6.07719042e-02  4.40000000e+02 -4.90302385e-03  4.40000000e+02 -3.00000000e+01 
 4.45000000e+02 -6.08087017e-02  4.45000000e+02 -4.90300494e-03  4.45000000e+02 -3.00000000e+01 
 4.50000000e+02 -6.08451307e-02  4.50000000e+02 -4.90316926e-03  4.50000000e+02 -3.00000000e+01 
 4.55000000e+02 -6.08812265e-02  4.55000000e+02 -4.90350435e-03  4.55000000e+02 -3.00000000e+01 
 4.60000000e+02 -6.09170219e-02  4.60000000e+02 -4.90399868e-03  4.60000000e+02 -3.00000000e+01 
 4.65000000e+02 -6.09525480e-02  4.65000000e+02 -4.90464156e-03  4.65000000e+02 -3.00000000e+01 
 4.70000000e+02 -6.09878337e-02  4.70000000e+02 -4.90542310e-03  4.70000000e+02 -3.00000000e+01 
 4.75000000e+02 -6.10229061e-02  4.75000000e+02 -4.90633413e-03  4.75000000e+02 -3.00000000e+01 
 4.80000000e+02 -6.10577906e-02  4.80000000e+02 -4.90736617e-03  4.80000000e+02 -3.00000000e+01 
 4.85000000e+02 -6.10925113e-02  4.85000000e+02 -4.90851136e-03  4.85000000e+02 -3.00000000e+01 
 4.90000000e+02 -6.11270905e-02  4.90000000e+02 -4.90976244e-03  4.90000000e+02 -3.00000000e+01 
 4.95000000e+02 -6.11615494e-02  4.95000000e+02 -4.91111268e-03  4.95000000e+02 -3.00000000e+01 
 5.00000000e+02 -6.11959078e-02  5.00000000e+02 -4.91255585e-03  5.00000000e+02 -3.00000000e+01 
 5.05000000e+02 -6.12301844e-02  5.05000000e+02 -4.91408621e-03  5.05000000e+02 -3.00000000e+01 
 5.10000000e+02 -6.12643968e-02  5.10000000e+02 -4.91569842e-03  5.10000000e+02 -3.00000000e+01 
 5.15000000e+02 -6.12985615e-02  5.15000000e+02 -4.91738757e-03  5.15000000e+02 -3.00000000e+01 
 5.20000000e+02 -6.13326942e-02  5.20000000e+02 -4.91914911e-03  5.20000000e+02 -3.00000000e+01 
 5.25000000e+02 -6.13668096e-02  5.25000000e+02 -4.92097883e-03  5.25000000e+02 -3.00000000e+01 
 5.30000000e+02 -6.14009216e-02  5.30000000e+02 -4.92287286e-03  5.30000000e+02 -3.00000000e+01 
 5.35000000e+02 -6.14350434e-02  5.35000000e+02 -4.92482761e-03  5.35000000e+02 -3.00000000e+01 
 5.40000000e+02 -6.14691874e-02  5.40000000e+02 -4.92683977e-03  5.40000000e+02 -3.00000000e+01 
 5.45000000e+02 -6.15033653e-02  5.45000000e+02 -4.92890629e-03  5.45000000e+02 -3.00000000e+01 
 5.50000000e+02 -6.15375882e-02  5.50000000e+02 -4.93102434e-03  5.50000000e+02 -3.00000000e+01 
 5.55000000e+02 -6.15718668e-02  5.55000000e+02 -4.93319132e-03  5.55000000e+02 -3.00000000e+01 
 5.60000000e+02 -6.16062109e-02  5.60000000e+02 -4.93540486e-03  5.60000000e+02 -3.00000000e+01 
 5.65000000e+02 -6.16406301e-02  5.65000000e+02 -4.93766272e-03  5.65000000e+02 -3.00000000e+01 
 5.70000000e+02 -6.16751334e-02  5.70000000e+02 -4.93996289e-03  5.70000000e+02 -3.00000000e+01 
 5.75000000e+02 -6.17097292e-02  5.75000000e+02 -4.94230349e-03  5.75000000e+02 -3.00000000e+01 
 5.80000000e+02 -6.17444258e-02  5.80000000e+02 -4.94468281e-03  5.80000000e+02 -3.00000000e+01 
 5.85000000e+02 -6.17792307e-02  5.85000000e+02 -4.94709924e-03  5.85000000e+02 -3.00000000e+01 
 5.90000000e+02 -6.18141515e-02  5.90000000e+02 -4.94955135e-03  5.90000000e+02 -3.00000000e+01 
 5.95000000e+02 -6.18491950e-02  5.95000000e+02 -4.95203780e-03  5.95000000e+02 -3.00000000e+01 
 6.00000000e+02 -6.18843679e-02  6.00000000e+02 -4.95455735e-03  6.00000000e+02 -3.00000000e+01 
 6.05000000e+02 -6.19196766e-02  6.05000000e+02 -4.95710888e-03  6.05000000e+02 -3.00000000e+01 
 6.10000000e+02 -6.19551271e-02  6.10000000e+02 -4.95969137e-03  6.10000000e+02 -3.00000000e+01 
 6.15000000e+02 -6.19907253e-02  6.15000000e+02 -4.96230386e-03  6.15000000e+02 -3.00000000e+01 
 6.20000000e+02 -6.20264766e-02  6.20000000e+02 -4.96494549e-03  6.20000000e+02 -3.00000000e+01 
 6.25000000e+02 -6.20623864e-02  6.25000000e+02 -4.96761548e-03  6.25000000e+02 -3.00000000e+01 
 6.30000000e+02 -6.20984596e-02  6.30000000e+02 -4.97031310e-03  6.30000000e+02 -3.00000000e+01 
 6.35000000e+02 -6.21347011e-02  6.35000000e+02 -4.97303768e-03  6.35000000e+02 -3.00000000e+01 
 6.40000000e+02 -6.21711155e-02  6.40000000e+02 -4.97578864e-03  6.40000000e+02 -3.00000000e+01 
 6.45000000e+02 -6.22077072e-02  6.45000000e+02 -4.97856542e-03  6.45000000e+02 -3.00000000e+01 
 6.50000000e+02 -6.22444805e-02  6.50000000e+02 -4.98136753e-03  6.50000000e+02 -3.00000000e+01 
 6.55000000e+02 -6.22814394e-02  6.55000000e+02 -4.98419451e-03  6.55000000e+02 -3.00000000e+01 
 6.60000000e+02 -6.23185878e-02  6.60000000e+02 -4.98704596e-03  6.60000000e+02 -3.00000000e+01 
 6.65000000e+02 -6.23559295e-02  6.65000000e+02 -4.98992151e-03  6.65000000e+02 -3.00000000e+01 
 6.70000000e+02 -6.23934679e-02  6.70000000e+02 -4.99282082e-03  6.70000000e+02 -3.00000000e+01 
 6.75000000e+02 -6.24312065e-02  6.75000000e+02 -4.99574359e-03  6.75000000e+02 -3.00000000e+01 
 6.80000000e+02 -6.24691486e-02  6.80000000e+02 -4.99868955e-03  6.80000000e+02 -3.00000000e+01 
 6.85000000e+02 -6.25072973e-02  6.85000000e+02 -5.00165845e-03  6.85000000e+02 -3.00000000e+01 
 6.90000000e+02 -6.25456557e-02  6.90000000e+02 -5.00465008e-03  6.90000000e+02 -3.00000000e+01 
 6.95000000e+02 -6.25842266e-02  6.95000000e+02 -5.00766424e-03  6.95000000e+02 -3.00000000e+01 
 7.00000000e+02 -6.26230129e-02  7.00000000e+02 -5.01070076e-03  7.00000000e+02 -3.00000000e+01 
 7.05000000e+02 -6.26620172e-02  7.05000000e+02 -5.01375948e-03  7.05000000e+02 -3.00000000e+01 
 7.10000000e+02 -6.27012421e-02  7.10000000e+02 -5.01684026e-03  7.10000000e+02 -3.00000000e+01 
 7.15000000e+02 -6.27406900e-02  7.15000000e+02 -5.01994299e-03  7.15000000e+02 -3.00000000e+01 
 7.20000000e+02 -6.27803634e-02  7.20000000e+02 -5.02306756e-03  7.20000000e+02 -3.00000000e+01 
 7.25000000e+02 -6.28202643e-02  7.25000000e+02 -5.02621388e-03  7.25000000e+02 -3.00000000e+01 
 7.30000000e+02 -6.28603952e-02  7.30000000e+02 -5.02938187e-03  7.30000000e+02 -3.00000000e+01 
 7.35000000e+02 -6.29007579e-02  7.35000000e+02 -5.03257146e-03  7.35000000e+02 -3.00000000e+01 
 7.40000000e+02 -6.29413546e-02  7.40000000e+02 -5.03578259e-03  7.40000000e+02 -3.00000000e+01 
 7.45000000e+02 -6.29821871e-02  7.45000000e+02 -5.03901521e-03  7.45000000e+02 -3.00000000e+01 
 7.50000000e+02 -6.30232573e-02  7.50000000e+02 -5.04226928e-03  7.50000000e+02 -3.00000000e+01 
 7.55000000e+02 -6.30645670e-02  7.55000000e+02 -5.04554477e-03  7.55000000e+02 -3.00000000e+01 
 7.60000000e+02 -6.31061178e-02  7.60000000e+02 -5.04884165e-03  7.60000000e+02 -3.00000000e+01 
 7.65000000e+02 -6.31479113e-02  7.65000000e+02 -5.05215990e-03  7.65000000e+02 -3.00000000e+01 
 7.70000000e+02 -6.31899492e-02  7.70000000e+02 -5.05549950e-03  7.70000000e+02 -3.00000000e+01 
 7.75000000e+02 -6.32322328e-02  7.75000000e+02 -5.05886045e-03  7.75000000e+02 -3.00000000e+01 
 7.80000000e+02 -6.32747636e-02  7.80000000e+02 -5.06224272e-03  7.80000000e+02 -3.00000000e+01 
 7.85000000e+02 -6.33175430e-02  7.85000000e+02 -5.06564633e-03  7.85000000e+02 -3.00000000e+01 
 7.90000000e+02 -6.33605722e-02  7.90000000e+02 -5.06907127e-03  7.90000000e+02 -3.00000000e+01 
 7.95000000e+02 -6.34038524e-02  7.95000000e+02 -5.07251754e-03  7.95000000e+02 -3.00000000e+01 
 8.00000000e+02 -6.34473849e-02  8.00000000e+02 -5.07598515e-03  8.00000000e+02 -3.00000000e+01 
 0.00000000e+00 -0.00000000e+00  0.00000000e+00 -1.10062027e-20  0.00000000e+00 -2.00000000e+01 
 5.00000000e+00 -1.14723333e-03  5.00000000e+00 -7.45677730e-03  5.00000000e+00 -2.00000000e+01 
 1.00000000e+01 -5.83637239e-03  1.00000000e+01 -1.84988550e-02  1.00000000e+01 -2.00000000e+01 
 1.50000000e+01 -1.48930827e-02  1.50000000e+01 -3.07034203e-02  1.50000000e+01 -2.00000000e+01 
 2.00000000e+01 -2.38252527e-02  2.00000000e+01 -3.59558314e-02  2.00000000e+01 -2.00000000e+01 
 2.50000000e+01 -3.14443713e-02  2.50000000e+01 -3.70704559e-02  2.50000000e+01 -2.00000000e+01 
 3.00000000e+01 -3.84666071e-02  3.00000000e+01 -3.69201777e-02  3.00000000e+01 -2.00000000e+01 
 3.50000000e+01 -4.48965338e-02  3.50000000e+01 -3.61038224e-02  3.50000000e+01 -2.00000000e+01 
 4.00000000e+01 -5.07836659e-02  4.00000000e+01 -3.49485372e-02  4.00000000e+01 -2.00000000e+01 
 4.50000000e+01 -5.61824949e-02  4.50000000e+01 -3.36339010e-02  4.50000000e+01 -2.00000000e+01 
 5.00000000e+01 -6.11429374e-02  5.00000000e+01 -3.22606993e-02  5.00000000e+01 -2.00000000e+01 
 5.50000000e+01 -6.57085946e-02  5.50000000e+01 -3.08864483e-02  5.50000000e+01 -2.00000000e+01 
 6.00000000e+01 -6.99172006e-02  6.00000000e+01 -2.95441337e-02  6.00000000e+01 -2.00000000e+01 
 6.50000000e+01 -7.38015353e-02  6.50000000e+01 -2.82524152e-02  6.50000000e+01 -2.00000000e+01 
 7.00000000e+01 -7.73902987e-02  7.00000000e+01 -2.70213728e-02  7.00000000e+01 -2.00000000e+01 
 7.50000000e+01 -8.07088353e-02  7.50000000e+01 -2.58558467e-02  7.50000000e+01 -2.00000000e+01 
 8.00000000e+01 -8.37797035e-02  8.00000000e+01 -2.47574369e-02  8.00000000e+01 -2.00000000e+01 
 8.50000000e+01 -8.66231211e-02  8.50000000e+01 -2.37257301e-02  8.50000000e+01 -2.00000000e+01 
 9.00000000e+01 -8.92573127e-02  9.00000000e+01 -2.27590695e-02  9.00000000e+01 -2.00000000e+01 
 9.50000000e+01 -9.16987848e-02  9.50000000e+01 -2.18550467e-02  9.50000000e+01 -2.00000000e+01 
 1.00000000e+02 -9.39625472e-02  1.00000000e+02 -2.10108203e-02  1.00000000e+02 -2.00000000e+01 
 1.05000000e+02 -9.60622921e-02  1.05000000e+02 -2.02233247e-02  1.05000000e+02 -2.00000000e+01 
 1.10000000e+02 -9.80105428e-02  1.10000000e+02 -1.94894069e-02  1.10000000e+02 -2.00000000e+01 
 1.15000000e+02 -9.98187787e-02  1.15000000e+02 -1.88059168e-02  1.15000000e+02 -2.00000000e+01 
 1.20000000e+02 -1.01497541e-01  1.20000000e+02 -1.81697663e-02  1.20000000e+02 -2.00000000e+01 
 1.25000000e+02 -1.03056524e-01  1.25000000e+02 -1.75779669e-02  1.25000000e+02 -2.00000000e+01 
 1.30000000e+02 -1.04504653e-01  1.30000000e+02 -1.70276527e-02  1.30000000e+02 -2.00000000e+01 
 1.35000000e+02 -1.05850155e-01  1.35000000e+02 -1.65160940e-02  1.35000000e+02 -2.00000000e+01 
 1.40000000e+02 -1.07100621e-01  1.40000000e+02 -1.60407040e-02  1.40000000e+02 -2.00000000e+01 
 1.45000000e+02 -1.08263057e-01  1.45000000e+02 -1.55990405e-02  1.45000000e+02 -2.00000000e+01 
 1.50000000e+02 -1.09343936e-01  1.50000000e+02 -1.51888049e-02  1.50000000e+02 -2.00000000e+01 
 1.55000000e+02 -1.10386071e-01  1.55000000e+02 -1.47935525e-02  1.55000000e+02 -2.00000000e+01 
 1.60000000e+02 -1.11318659e-01  1.60000000e+02 -1.44408153e-02  1.60000000e+02 -2.00000000e+01 
 1.65000000e+02 -1.12186504e-01  1.65000000e+02 -1.41133765e-02  1.65000000e+02 -2.00000000e+01 
 1.70000000e+02 -1.12994348e-01  1.70000000e+02 -1.38094608e-02  1.70000000e+02 -2.00000000e+01 
 1.75000000e+02 -1.13746560e-01  1.75000000e+02 -1.35274193e-02  1.75000000e+02 -2.00000000e+01 
 1.80000000e+02 -1.14447187e-01  1.80000000e+02 -1.32657141e-02  1.80000000e+02 -2.00000000e+01 
 1.85000000e+02 -1.15099976e-01  1.85000000e+02 -1.30229114e-02  1.85000000e+02 -2.00000000e+01 
 1.90000000e+02 -1.15708398e-01  1.90000000e+02 -1.27976753e-02  1.90000000e+02 -2.00000000e+01 
 1.95000000e+02 -1.16275669e-01  1.95000000e+02 -1.25887622e-02  1.95000000e+02 -2.00000000e+01 
 2.00000000e+02 -1.16804769e-01  2.00000000e+02 -1.23950141e-02  2.00000000e+02 -2.00000000e+01 
 2.05000000e+02 -1.17298461e-01  2.05000000e+02 -1.22153537e-02  2.05000000e+02 -2.00000000e+01 
 2.10000000e+02 -1.17759305e-01  2.10000000e+02 -1.20487788e-02  2.10000000e+02 -2.00000000e+01 
 2.15000000e+02 -1.18189674e-01  2.15000000e+02 -1.18943575e-02  2.15000000e+02 -2.00000000e+01 
 2.20000000e+02 -1.18591769e-01  2.20000000e+02 -1.17512232e-02  2.20000000e+02 -2.00000000e+01 
 2.25000000e+02 -1.18967630e-01  2.25000000e+02 -1.16185704e-02  2.25000000e+02 -2.00000000e+01 
 2.30000000e+02 -1.19319148e-01  2.30000000e+02 -1.14956504e-02  2.30000000e+02 -2.00000000e+01 
 2.35000000e+02 -1.19648078e-01  2.35000000e+02 -1.13817676e-02  2.35000000e+02 -2.00000000e+01 
 2.40000000e+02 -1.19956048e-01  2.40000000e+02 -1.12762755e-02  2.40000000e+02 -2.00000000e+01 
 2.45000000e+02 -1.20244565e-01  2.45000000e+02 -1.11785736e-02  2.45000000e+02 -2.00000000e+01 
 2.50000000e+02 -1.20515030e-01  2.50000000e+02 -1.10881039e-02  2.50000000e+02 -2.00000000e+01 
 2.55000000e+02 -1.20768741e-01  2.55000000e+02 -1.10043482e-02  2.55000000e+02 -2.00000000e+01 
 2.60000000e+02 -1.21006902e-01  2.60000000e+02 -1.09268252e-02  2.60000000e+02 -2.00000000e+01 
 2.65000000e+02 -1.21230631e-01  2.65000000e+02 -1.08550880e-02  2.65000000e+02 -2.00000000e+01 
 2.70000000e+02 -1.21440965e-01  2.70000000e+02 -1.07887214e-02  2.70000000e+02 -2.00000000e+01 
 2.75000000e+02 -1.21638864e-01  2.75000000e+02 -1.07273399e-02  2.75000000e+02 -2.00000000e+01 
 2.80000000e+02 -1.21825220e-01  2.80000000e+02 -1.06705857e-02  2.80000000e+02 -2.00000000e+01 
 2.85000000e+02 -1.22000863e-01  2.85000000e+02 -1.06181264e-02  2.85000000e+02 -2.00000000e+01 
 2.90000000e+02 -1.22166559e-01  2.90000000e+02 -1.05696535e-02  2.90000000e+02 -2.00000000e+01 
 2.95000000e+02 -1.22323022e-01  2.95000000e+02 -1.05248804e-02  2.95000000e+02 -2.00000000e+01 
 3.00000000e+02 -1.22470913e-01  3.00000000e+02 -1.04835413e-02  3.00000000e+02 -2.00000000e+01 
 3.05000000e+02 -1.22610845e-01  3.05000000e+02 -1.04453892e-02  3.05000000e+02 -2.00000000e+01 
 3.10000000e+02 -1.22743389e-01  3.10000000e+02 -1.04101949e-02  3.10000000e+02 -2.00000000e+01 
 3.15000000e+02 -1.22869072e-01  3.15000000e+02 -1.03777457e-02  3.15000000e+02 -2.00000000e+01 
 3.20000000e+02 -1.22988386e-01  3.20000000e+02 -1.03478441e-02  3.20000000e+02 -2.00000000e+01 
 3.25000000e+02 -1.23101785e-01  3.25000000e+02 -1.03203067e-02  3.25000000e+02 -2.00000000e+01 
 3.30000000e+02 -1.23209691e-01  3.30000000e+02 -1.02949633e-02  3.30000000e+02 -2.00000000e+01 
 3.35000000e+02 -1.23312498e-01  3.35000000e+02 -1.02716561e-02  3.35000000e+02 -2.00000000e+01 
 3.40000000e+02 -1.23410569e-01  3.40000000e+02 -1.02502383e-02  3.40000000e+02 -2.00000000e+01 
 3.45000000e+02 -1.23504242e-01  3.45000000e+02 -1.02305740e-02  3.45000000e+02 -2.00000000e+01 
 3.50000000e+02 -1.23593830e-01  3.50000000e+02 -1.02125368e-02  3.50000000e+02 -2.00000000e+01 
 3.55000000e+02 -1.23679625e-01  3.55000000e+02 -1.01960095e-02  3.55000000e+02 -2.00000000e+01 
 3.60000000e+02 -1.23761897e-01  3.60000000e+02 -1.01808832e-02  3.60000000e+02 -2.00000000e+01 
 3.65000000e+02 -1.23840896e-01  3.65000000e+02 -1.01670571e-02  3.65000000e+02 -2.00000000e+01 
 3.70000000e+02 -1.23916856e-01  3.70000000e+02 -1.01544375e-02  3.70000000e+02 -2.00000000e+01 
 3.75000000e+02 -1.23989992e-01  3.75000000e+02 -1.01429372e-02  3.75000000e+02 -2.00000000e+01 
 3.80000000e+02 -1.24060506e-01  3.80000000e+02 -1.01324757e-02  3.80000000e+02 -2.00000000e+01 
 3.85000000e+02 -1.24128584e-01  3.85000000e+02 -1.01229780e-02  3.85000000e+02 -2.00000000e+01 
 3.90000000e+02 -1.24194399e-01  3.90000000e+02 -1.01143746e-02  3.90000000e+02 -2.00000000e+01 
 3.95000000e+02 -1.24258111e-01  3.95000000e+02 -1.01066011e-02  3.95000000e+02 -2.00000000e+01 
 4.00000000e+02 -1.24319870e-01  4.00000000e+02 -1.00995974e-02  4.00000000e+02 -2.00000000e+01 
 4.05000000e+02 -1.24379814e-01  4.05000000e+02 -1.00933082e-02  4.05000000e+02 -2.00000000e+01 
 4.10000000e+02 -1.24438072e-01  4.10000000e+02 -1.00876818e-02  4.10000000e+02 -2.00000000e+01 
 4.15000000e+02 -1.24494764e-01  4.15000000e+02 -1.00826704e-02  4.15000000e+02 -2.00000000e+01 
 4.20000000e+02 -1.24550000e-01  4.20000000e+02 -1.00782296e-02  4.20000000e+02 -2.00000000e+01 
 4.25000000e+02 -1.24603883e-01  4.25000000e+02 -1.00743182e-02  4.25000000e+02 -2.00000000e+01 
 4.30000000e+02 -1.24656510e-01  4.30000000e+02 -1.00708981e-02  4.30000000e+02 -2.00000000e+01 
 4.35000000e+02 -1.24707969e-01  4.35000000e+02 -1.00679337e-02  4.35000000e+02 -2.00000000e+01 
 4.40000000e+02 -1.24758343e-01  4.40000000e+02 -1.00653921e-02  4.40000000e+02 -2.00000000e+01 
 4.45000000e+02 -1.24807709e-01  4.45000000e+02 -1.00632428e-02  4.45000000e+02 -2.00000000e+01 
 4.50000000e+02 -1.24856137e-01  4.50000000e+02 -1.00614575e-02  4.50000000e+02 -2.00000000e+01 
 4.55000000e+02 -1.24903695e-01  4.55000000e+02 -1.00600099e-02  4.55000000e+02 -2.00000000e+01 
 4.60000000e+02 -1.24950444e-01  4.60000000e+02 -1.00588756e-02  4.60000000e+02 -2.00000000e+01 
 4.65000000e+02 -1.24996442e-01  4.65000000e+02 -1.00580321e-02  4.65000000e+02 -2.00000000e+01 
 4.70000000e+02 -1.25041741e-01  4.70000000e+02 -1.00574582e-02  4.70000000e+02 -2.00000000e+01 
 4.75000000e+02 -1.25086391e-01  4.75000000e+02 -1.00571345e-02  4.75000000e+02 -2.00000000e+01 
 4.80000000e+02 -1.25130439e-01  4.80000000e+02 -1.00570431e-02  4.80000000e+02 -2.00000000e+01 
 4.85000000e+02 -1.25173926e-01  4.85000000e+02 -1.00571671e-02  4.85000000e+02 -2.00000000e+01 
 4.90000000e+02 -1.25216894e-01  4.90000000e+02 -1.00574909e-02  4.90000000e+02 -2.00000000e+01 
 4.95000000e+02 -1.25259378e-01  4.95000000e+02 -1.00580002e-02  4.95000000e+02 -2.00000000e+01 
 5.00000000e+02 -1.25301414e-01  5.00000000e+02 -1.00586817e-02  5.00000000e+02 -2.00000000e+01 
 5.05000000e+02 -1.25343034e-01  5.05000000e+02 -1.00595228e-02  5.05000000e+02 -2.00000000e+01 
 5.10000000e+02 -1.25384267e-01  5.10000000e+02 -1.00605122e-02  5.10000000e+02 -2.00000000e+01 
 5.15000000e+02 -1.25425142e-01  5.15000000e+02 -1.00616391e-02  5.15000000e+02 -2.00000000e+01 
 5.20000000e+02 -1.25465684e-01  5.20000000e+02 -1.00628936e-02  5.20000000e+02 -2.00000000e+01 
 5.25000000e+02 -1.25505918e-01  5.25000000e+02 -1.00642667e-02  5.25000000e+02 -2.00000000e+01 
 5.30000000e+02 -1.25545866e-01  5.30000000e+02 -1.00657497e-02  5.30000000e+02 -2.00000000e+01 
 5.35000000e+02 -1.25585549e-01  5.35000000e+02 -1.00673349e-02  5.35000000e+02 -2.00000000e+01 
 5.40000000e+02 -1.25624987e-01  5.40000000e+02 -1.00690148e-02  5.40000000e+02 -2.00000000e+01 
 5.45000000e+02 -1.25664198e-01  5.45000000e+02 -1.00707828e-02  5.45000000e+02 -2.00000000e+01 
 5.50000000e+02 -1.25703200e-01  5.50000000e+02 -1.00726326e-02  5.50000000e+02 -2.00000000e+01 
 5.55000000e+02 -1.25742008e-01  5.55000000e+02 -1.00745583e-02  5.55000000e+02 -2.00000000e+01 
 5.60000000e+02 -1.25780636e-01  5.60000000e+02 -1.00765546e-02  5.60000000e+02 -2.00000000e+01 
 5.65000000e+02 -1.25819101e-01  5.65000000e+02 -1.00786164e-02  5.65000000e+02 -2.00000000e+01 
 5.70000000e+02 -1.25857413e-01  5.70000000e+02 -1.00807392e-02  5.70000000e+02 -2.00000000e+01 
 5.75000000e+02 -1.25895586e-01  5.75000000e+02 -1.00829186e-02  5.75000000e+02 -2.00000000e+01 
 5.80000000e+02 -1.25933630e-01  5.80000000e+02 -1.00851508e-02  5.80000000e+02 -2.00000000e+01 
 5.85000000e+02 -1.25971558e-01  5.85000000e+02 -1.00874319e-02  5.85000000e+02 -2.00000000e+01 
 5.90000000e+02 -1.26009378e-01  5.90000000e+02 -1.00897587e-02  5.90000000e+02 -2.00000000e+01 
 5.95000000e+02 -1.26047100e-01  5.95000000e+02 -1.00921280e-02  5.95000000e+02 -2.00000000e+01 
 6.00000000e+02 -1.26084734e-01  6.00000000e+02 -1.00945369e-02  6.00000000e+02 -2.00000000e+01 
 6.05000000e+02 -1.26122287e-01  6.05000000e+02 -1.00969827e-02  6.05000000e+02 -2.00000000e+01 
 6.10000000e+02 -1.26159768e-01  6.10000000e+02 -1.00994628e-02  6.10000000e+02 -2.00000000e+01 
 6.15000000e+02 -1.26197183e-01  6.15000000e+02 -1.01019751e-02  6.15000000e+02 -2.00000000e+01 
 6.20000000e+02 -1.26234541e-01  6.20000000e+02 -1.01045173e-02  6.20000000e+02 -2.00000000e+01 
 6.25000000e+02 -1.26271846e-01  6.25000000e+02 -1.01070875e-02  6.25000000e+02 -2.00000000e+01 
 6.30000000e+02 -1.26309107e-01  6.30000000e+02 -1.01096840e-02  6.30000000e+02 -2.00000000e+01 
 6.35000000e+02 -1.26346328e-01  6.35000000e+02 -1.01123050e-02  6.35000000e+02 -2.00000000e+01 
 6.40000000e+02 -1.26383516e-01  6.40000000e+02 -1.01149489e-02  6.40000000e+02 -2.00000000e+01 
 6.45000000e+02 -1.26420675e-01  6.45000000e+02 -1.01176144e-02  6.45000000e+02 -2.00000000e+01 
 6.50000000e+02 -1.26457811e-01  6.50000000e+02 -1.01203002e-02  6.50000000e+02 -2.00000000e+01 
 6.55000000e+02 -1.26494929e-01  6.55000000e+02 -1.01230050e-02  6.55000000e+02 -2.00000000e+01 
 6.60000000e+02 -1.26532032e-01  6.60000000e+02 -1.01257278e-02  6.60000000e+02 -2.00000000e+01 
 6.65000000e+02 -1.26569126e-01  6.65000000e+02 -1.01284675e-02  6.65000000e+02 -2.00000000e+01 
 6.70000000e+02 -1.26606215e-01  6.70000000e+02 -1.01312231e-02  6.70000000e+02 -2.00000000e+01 
 6.75000000e+02 -1.26643302e-01  6.75000000e+02 -1.01339939e-02  6.75000000e+02 -2.00000000e+01 
 6.80000000e+02 -1.26680392e-01  6.80000000e+02 -1.01367789e-02  6.80000000e+02 -2.00000000e+01 
 6.85000000e+02 -1.26717488e-01  6.85000000e+02 -1.01395776e-02  6.85000000e+02 -2.00000000e+01 
 6.90000000e+02 -1.26754594e-01  6.90000000e+02 -1.01423892e-02  6.90000000e+02 -2.00000000e+01 
 6.95000000e+02 -1.26791712e-01  6.95000000e+02 -1.01452132e-02  6.95000000e+02 -2.00000000e+01 
 7.00000000e+02 -1.26828847e-01  7.00000000e+02 -1.01480489e-02  7.00000000e+02 -2.00000000e+01 
 7.05000000e+02 -1.26866002e-01  7.05000000e+02 -1.01508959e-02  7.05000000e+02 -2.00000000e+01 
 7.10000000e+02 -1.26903179e-01  7.10000000e+02 -1.01537538e-02  7.10000000e+02 -2.00000000e+01 
 7.15000000e+02 -1.26940381e-01  7.15000000e+02 -1.01566220e-02  7.15000000e+02 -2.00000000e+01 
 7.20000000e+02 -1.26977612e-01  7.20000000e+02 -1.01595003e-02  7.20000000e+02 -2.00000000e+01 
 7.25000000e+02 -1.27014873e-01  7.25000000e+02 -1.01623883e-02  7.25000000e+02 -2.00000000e+01 
 7.30000000e+02 -1.27052168e-01  7.30000000e+02 -1.01652856e-02  7.30000000e+02 -2.00000000e+01 
 7.35000000e+02 -1.27089500e-01  7.35000000e+02 -1.01681921e-02  7.35000000e+02 -2.00000000e+01 
 7.40000000e+02 -1.27126871e-01  7.40000000e+02 -1.01711074e-02  7.40000000e+02 -2.00000000e+01 
 7.45000000e+02 -1.27164283e-01  7.45000000e+02 -1.01740314e-02  7.45000000e+02 -2.00000000e+01 
 7.50000000e+02 -1.27201738e-01  7.50000000e+02 -1.01769639e-02  7.50000000e+02 -2.00000000e+01 
 7.55000000e+02 -1.27239240e-01  7.55000000e+02 -1.01799047e-02  7.55000000e+02 -2.00000000e+01 
 7.60000000e+02 -1.27276790e-01  7.60000000e+02 -1.01828536e-02  7.60000000e+02 -2.00000000e+01 
 7.65000000e+02 -1.27314391e-01  7.65000000e+02 -1.01858105e-02  7.65000000e+02 -2.00000000e+01 
 7.70000000e+02 -1.27352044e-01  7.70000000e+02 -1.01887753e-02  7.70000000e+02 -2.00000000e+01 
 7.75000000e+02 -1.27389753e-01  7.75000000e+02 -1.01917480e-02  7.75000000e+02 -2.00000000e+01 
 7.80000000e+02 -1.27427519e-01  7.80000000e+02 -1.01947284e-02  7.80000000e+02 -2.00000000e+01 
 7.85000000e+02 -1.27465344e-01  7.85000000e+02 -1.01977164e-02  7.85000000e+02 -2.00000000e+01 
 7.90000000e+02 -1.27503230e-01  7.90000000e+02 -1.02007121e-02  7.90000000e+02 -2.00000000e+01 
 7.95000000e+02 -1.27541179e-01  7.95000000e+02 -1.02037155e-02  7.95000000e+02 -2.00000000e+01 
 8.00000000e+02 -1.27579194e-01  8.00000000e+02 -1.02067263e-02  8.00000000e+02 -2.00000000e+01 
 0.00000000e+00 -0.00000000e+00  0.00000000e+00 -1.10062027e-20  0.00000000e+00 -1.00000000e+01 
 5.00000000e+00 -1.14723333e-03  5.00000000e+00 -7.45677730e-03  5.00000000e+00 -1.00000000e+01 
 1.00000000e+01 -5.83637239e-03  1.00000000e+01 -1.84988550e-02  1.00000000e+01 -1.00000000e+01 
 1.50000000e+01 -1.48930827e-02  1.50000000e+01 -3.07034203e-02  1.50000000e+01 -1.00000000e+01 
 2.00000000e+01 -2.86591435e-02  2.00000000e+01 -4.32508879e-02  2.00000000e+01 -1.00000000e+01 
 2.50000000e+01 -4.72580209e-02  2.50000000e+01 -5.57135126e-02  2.50000000e+01 -1.00000000e+01 
 3.00000000e+01 -6.20966384e-02  3.00000000e+01 -5.96002376e-02  3.00000000e+01 -1.00000000e+01 
 3.50000000e+01 -7.25195651e-02  3.50000000e+01 -5.83170520e-02  3.50000000e+01 -1.00000000e+01 
 4.00000000e+01 -8.20224517e-02  4.00000000e+01 -5.64465887e-02  4.00000000e+01 -1.00000000e+01 
 4.50000000e+01 -9.07351525e-02  4.50000000e+01 -5.43190035e-02  4.50000000e+01 -1.00000000e+01 
 5.00000000e+01 -9.87384647e-02  5.00000000e+01 -5.20971359e-02  5.00000000e+01 -1.00000000e+01 
 5.50000000e+01 -1.06102965e-01  5.50000000e+01 -4.98738980e-02  5.50000000e+01 -1.00000000e+01 
 6.00000000e+01 -1.12889736e-01  6.00000000e+01 -4.77025600e-02  6.00000000e+01 -1.00000000e+01 
 6.50000000e+01 -1.19151844e-01  6.50000000e+01 -4.56132430e-02  6.50000000e+01 -1.00000000e+01 
 7.00000000e+01 -1.24935749e-01  7.00000000e+01 -4.36222046e-02  7.00000000e+01 -1.00000000e+01 
 7.50000000e+01 -1.30282483e-01  7.50000000e+01 -4.17372385e-02  7.50000000e+01 -1.00000000e+01 
 8.00000000e+01 -1.35228566e-01  8.00000000e+01 -3.99609039e-02  8.00000000e+01 -1.00000000e+01 
 8.50000000e+01 -1.39806728e-01  8.50000000e+01 -3.82925095e-02  8.50000000e+01 -1.00000000e+01 
 9.00000000e+01 -1.44046472e-01  9.00000000e+01 -3.67293567e-02  9.00000000e+01 -1.00000000e+01 
 9.50000000e+01 -1.47974520e-01  9.50000000e+01 -3.52675344e-02  9.50000000e+01 -1.00000000e+01 
 1.00000000e+02 -1.51615169e-01  1.00000000e+02 -3.39024343e-02  1.00000000e+02 -1.00000000e+01 
 1.05000000e+02 -1.54990582e-01  1.05000000e+02 -3.26290868e-02  1.05000000e+02 -1.00000000e+01 
 1.10000000e+02 -1.58121028e-01  1.10000000e+02 -3.14423833e-02  1.10000000e+02 -1.00000000e+01 
 1.15000000e+02 -1.61025088e-01  1.15000000e+02 -3.03372216e-02  1.15000000e+02 -1.00000000e+01 
 1.20000000e+02 -1.63719821e-01  1.20000000e+02 -2.93086007e-02  1.20000000e+02 -1.00000000e+01 
 1.25000000e+02 -1.66220915e-01  1.25000000e+02 -2.83516817e-02  1.25000000e+02 -1.00000000e+01 
 1.30000000e+02 -1.68542814e-01  1.30000000e+02 -2.74618252e-02  1.30000000e+02 -1.00000000e+01 
 1.35000000e+02 -1.70698829e-01  1.35000000e+02 -2.66346130e-02  1.35000000e+02 -1.00000000e+01 
 1.40000000e+02 -1.72701242e-01  1.40000000e+02 -2.58658584e-02  1.40000000e+02 -1.00000000e+01 
 1.45000000e+02 -1.74561387e-01  1.45000000e+02 -2.51516096e-02  1.45000000e+02 -1.00000000e+01 
 1.50000000e+02 -1.76289738e-01  1.50000000e+02 -2.44881475e-02  1.50000000e+02 -1.00000000e+01 
 1.55000000e+02 -1.77955480e-01  1.55000000e+02 -2.38488961e-02  1.55000000e+02 -1.00000000e+01 
 1.60000000e+02 -1.79444215e-01  1.60000000e+02 -2.32783395e-02  1.60000000e+02 -1.00000000e+01 
 1.65000000e+02 -1.80828351e-01  1.65000000e+02 -2.27486533e-02  1.65000000e+02 -1.00000000e+01 
 1.70000000e+02 -1.82115558e-01  1.70000000e+02 -2.22569664e-02  1.70000000e+02 -1.00000000e+01 
 1.75000000e+02 -1.83312900e-01  1.75000000e+02 -2.18006122e-02  1.75000000e+02 -1.00000000e+01 
 1.80000000e+02 -1.84426919e-01  1.80000000e+02 -2.13771037e-02  1.80000000e+02 -1.00000000e+01 
 1.85000000e+02 -1.85463675e-01  1.85000000e+02 -2.09841226e-02  1.85000000e+02 -1.00000000e+01 
 1.90000000e+02 -1.86428780e-01  1.90000000e+02 -2.06195091e-02  1.90000000e+02 -1.00000000e+01 
 1.95000000e+02 -1.87327433e-01  1.95000000e+02 -2.02812525e-02  1.95000000e+02 -1.00000000e+01 
 2.00000000e+02 -1.88164451e-01  2.00000000e+02 -1.99674810e-02  2.00000000e+02 -1.00000000e+01 
 2.05000000e+02 -1.88944299e-01  2.05000000e+02 -1.96764535e-02  2.05000000e+02 -1.00000000e+01 
 2.10000000e+02 -1.89671115e-01  2.10000000e+02 -1.94065501e-02  2.10000000e+02 -1.00000000e+01 
 2.15000000e+02 -1.90348734e-01  2.15000000e+02 -1.91562646e-02  2.15000000e+02 -1.00000000e+01 
 2.20000000e+02 -1.90980712e-01  2.20000000e+02 -1.89241969e-02  2.20000000e+02 -1.00000000e+01 
 2.25000000e+02 -1.91570345e-01  2.25000000e+02 -1.87090453e-02  2.25000000e+02 -1.00000000e+01 
 2.30000000e+02 -1.92120690e-01  2.30000000e+02 -1.85096003e-02  2.30000000e+02 -1.00000000e+01 
 2.35000000e+02 -1.92634582e-01  2.35000000e+02 -1.83247379e-02  2.35000000e+02 -1.00000000e+01 
 2.40000000e+02 -1.93114649e-01  2.40000000e+02 -1.81534139e-02  2.40000000e+02 -1.00000000e+01 
 2.45000000e+02 -1.93563328e-01  2.45000000e+02 -1.79946583e-02  2.45000000e+02 -1.00000000e+01 
 2.50000000e+02 -1.93982879e-01  2.50000000e+02 -1.78475698e-02  2.50000000e+02 -1.00000000e+01 
 2.55000000e+02 -1.94375400e-01  2.55000000e+02 -1.77113117e-02  2.55000000e+02 -1.00000000e+01 
 2.60000000e+02 -1.94742836e-01  2.60000000e+02 -1.75851067e-02  2.60000000e+02 -1.00000000e+01 
 2.65000000e+02 -1.95086990e-01  2.65000000e+02 -1.74682331e-02  2.65000000e+02 -1.00000000e+01 
 2.70000000e+02 -1.95409537e-01  2.70000000e+02 -1.73600205e-02  2.70000000e+02 -1.00000000e+01 
 2.75000000e+02 -1.95712028e-01  2.75000000e+02 -1.72598468e-02  2.75000000e+02 -1.00000000e+01 
 2.80000000e+02 -1.95995905e-01  2.80000000e+02 -1.71671341e-02  2.80000000e+02 -1.00000000e+01 
 2.85000000e+02 -1.96262502e-01  2.85000000e+02 -1.70813459e-02  2.85000000e+02 -1.00000000e+01 
 2.90000000e+02 -1.96513061e-01  2.90000000e+02 -1.70019842e-02  2.90000000e+02 -1.00000000e+01 
 2.95000000e+02 -1.96748731e-01  2.95000000e+02 -1.69285868e-02  2.95000000e+02 -1.00000000e+01 
 3.00000000e+02 -1.96970580e-01  3.00000000e+02 -1.68607244e-02  3.00000000e+02 -1.00000000e+01 
 3.05000000e+02 -1.97179598e-01  3.05000000e+02 -1.67979986e-02  3.05000000e+02 -1.00000000e+01 
 3.10000000e+02 -1.97376704e-01  3.10000000e+02 -1.67400396e-02  3.10000000e+02 -1.00000000e+01 
 3.15000000e+02 -1.97562751e-01  3.15000000e+02 -1.66865041e-02  3.15000000e+02 -1.00000000e+01 
 3.20000000e+02 -1.97738530e-01  3.20000000e+02 -1.66370735e-02  3.20000000e+02 -1.00000000e+01 
 3.25000000e+02 -1.97904776e-01  3.25000000e+02 -1.65914521e-02  3.25000000e+02 -1.00000000e+01 
 3.30000000e+02 -1.98062169e-01  3.30000000e+02 -1.65493653e-02  3.30000000e+02 -1.00000000e+01 
 3.35000000e+02 -1.98211343e-01  3.35000000e+02 -1.65105585e-02  3.35000000e+02 -1.00000000e+01 
 3.40000000e+02 -1.98352884e-01  3.40000000e+02 -1.64747951e-02  3.40000000e+02 -1.00000000e+01 
 3.45000000e+02 -1.98487338e-01  3.45000000e+02 -1.64418558e-02  3.45000000e+02 -1.00000000e+01 
 3.50000000e+02 -1.98615209e-01  3.50000000e+02 -1.64115369e-02  3.50000000e+02 -1.00000000e+01 
 3.55000000e+02 -1.98736968e-01  3.55000000e+02 -1.63836494e-02  3.55000000e+02 -1.00000000e+01 
 3.60000000e+02 -1.98853049e-01  3.60000000e+02 -1.63580178e-02  3.60000000e+02 -1.00000000e+01 
 3.65000000e+02 -1.98963857e-01  3.65000000e+02 -1.63344794e-02  3.65000000e+02 -1.00000000e+01 
 3.70000000e+02 -1.99069768e-01  3.70000000e+02 -1.63128831e-02  3.70000000e+02 -1.00000000e+01 
 3.75000000e+02 -1.99171129e-01  3.75000000e+02 -1.62930888e-02  3.75000000e+02 -1.00000000e+01 
 3.80000000e+02 -1.99268264e-01  3.80000000e+02 -1.62749664e-02  3.80000000e+02 -1.00000000e+01 
 3.85000000e+02 -1.99361473e-01  3.85000000e+02 -1.62583950e-02  3.85000000e+02 -1.00000000e+01 
 3.90000000e+02 -1.99451036e-01  3.90000000e+02 -1.62432628e-02  3.90000000e+02 -1.00000000e+01 
 3.95000000e+02 -1.99537209e-01  3.95000000e+02 -1.62294658e-02  3.95000000e+02 -1.00000000e+01 
 4.00000000e+02 -1.99620235e-01  4.00000000e+02 -1.62169074e-02  4.00000000e+02 -1.00000000e+01 
 4.05000000e+02 -1.99700336e-01  4.05000000e+02 -1.62054982e-02  4.05000000e+02 -1.00000000e+01 
 4.10000000e+02 -1.99777718e-01  4.10000000e+02 -1.61951551e-02  4.10000000e+02 -1.00000000e+01 
 4.15000000e+02 -1.99852575e-01  4.15000000e+02 -1.61858011e-02  4.15000000e+02 -1.00000000e+01 
 4.20000000e+02 -1.99925084e-01  4.20000000e+02 -1.61773646e-02  4.20000000e+02 -1.00000000e+01 
 4.25000000e+02 -1.99995412e-01  4.25000000e+02 -1.61697792e-02  4.25000000e+02 -1.00000000e+01 
 4.30000000e+02 -2.00063711e-01  4.30000000e+02 -1.61629835e-02  4.30000000e+02 -1.00000000e+01 
 4.35000000e+02 -2.00130126e-01  4.35000000e+02 -1.61569203e-02  4.35000000e+02 -1.00000000e+01 
 4.40000000e+02 -2.00194788e-01  4.40000000e+02 -1.61515365e-02  4.40000000e+02 -1.00000000e+01 
 4.45000000e+02 -2.00257822e-01  4.45000000e+02 -1.61467830e-02  4.45000000e+02 -1.00000000e+01 
 4.50000000e+02 -2.00319341e-01  4.50000000e+02 -1.61426141e-02  4.50000000e+02 -1.00000000e+01 
 4.55000000e+02 -2.00379452e-01  4.55000000e+02 -1.61389875e-02  4.55000000e+02 -1.00000000e+01 
 4.60000000e+02 -2.00438253e-01  4.60000000e+02 -1.61358640e-02  4.60000000e+02 -1.00000000e+01 
 4.65000000e+02 -2.00495837e-01  4.65000000e+02 -1.61332070e-02  4.65000000e+02 -1.00000000e+01 
 4.70000000e+02 -2.00552287e-01  4.70000000e+02 -1.61309828e-02  4.70000000e+02 -1.00000000e+01 
 4.75000000e+02 -2.00607685e-01  4.75000000e+02 -1.61291599e-02  4.75000000e+02 -1.00000000e+01 
 4.80000000e+02 -2.00662102e-01  4.80000000e+02 -1.61277093e-02  4.80000000e+02 -1.00000000e+01 
 4.85000000e+02 -2.00715608e-01  4.85000000e+02 -1.61266040e-02  4.85000000e+02 -1.00000000e+01 
 4.90000000e+02 -2.00768265e-01  4.90000000e+02 -1.61258189e-02  4.90000000e+02 -1.00000000e+01 
 4.95000000e+02 -2.00820133e-01  4.95000000e+02 -1.61253307e-02  4.95000000e+02 -1.00000000e+01 
 5.00000000e+02 -2.00871267e-01  5.00000000e+02 -1.61251179e-02  5.00000000e+02 -1.00000000e+01 
 5.05000000e+02 -2.00921716e-01  5.05000000e+02 -1.61251606e-02  5.05000000e+02 -1.00000000e+01 
 5.10000000e+02 -2.00971530e-01  5.10000000e+02 -1.61254400e-02  5.10000000e+02 -1.00000000e+01 
 5.15000000e+02 -2.01020751e-01  5.15000000e+02 -1.61259391e-02  5.15000000e+02 -1.00000000e+01 
 5.20000000e+02 -2.01069420e-01  5.20000000e+02 -1.61266419e-02  5.20000000e+02 -1.00000000e+01 
 5.25000000e+02 -2.01117576e-01  5.25000000e+02 -1.61275334e-02  5.25000000e+02 -1.00000000e+01 
 5.30000000e+02 -2.01165253e-01  5.30000000e+02 -1.61286001e-02  5.30000000e+02 -1.00000000e+01 
 5.35000000e+02 -2.01212485e-01  5.35000000e+02 -1.61298291e-02  5.35000000e+02 -1.00000000e+01 
 5.40000000e+02 -2.01259302e-01  5.40000000e+02 -1.61312086e-02  5.40000000e+02 -1.00000000e+01 
 5.45000000e+02 -2.01305733e-01  5.45000000e+02 -1.61327277e-02  5.45000000e+02 -1.00000000e+01 
 5.50000000e+02 -2.01351803e-01  5.50000000e+02 -1.61343762e-02  5.50000000e+02 -1.00000000e+01 
 5.55000000e+02 -2.01397537e-01  5.55000000e+02 -1.61361446e-02  5.55000000e+02 -1.00000000e+01 
 5.60000000e+02 -2.01442959e-01  5.60000000e+02 -1.61380242e-02  5.60000000e+02 -1.00000000e+01 
 5.65000000e+02 -2.01488089e-01  5.65000000e+02 -1.61400069e-02  5.65000000e+02 -1.00000000e+01 
 5.70000000e+02 -2.01532948e-01  5.70000000e+02 -1.61420851e-02  5.70000000e+02 -1.00000000e+01 
 5.75000000e+02 -2.01577553e-01  5.75000000e+02 -1.61442519e-02  5.75000000e+02 -1.00000000e+01 
 5.80000000e+02 -2.01621922e-01  5.80000000e+02 -1.61465008e-02  5.80000000e+02 -1.00000000e+01 
 5.85000000e+02 -2.01666070e-01  5.85000000e+02 -1.61488258e-02  5.85000000e+02 -1.00000000e+01 
 5.90000000e+02 -2.01710013e-01  5.90000000e+02 -1.61512214e-02  5.90000000e+02 -1.00000000e+01 
 5.95000000e+02 -2.01753764e-01  5.95000000e+02 -1.61536823e-02  5.95000000e+02 -1.00000000e+01 
 6.00000000e+02 -2.01797337e-01  6.00000000e+02 -1.61562038e-02  6.00000000e+02 -1.00000000e+01 
 6.05000000e+02 -2.01840743e-01  6.05000000e+02 -1.61587814e-02  6.05000000e+02 -1.00000000e+01 
 6.10000000e+02 -2.01883993e-01  6.10000000e+02 -1.61614111e-02  6.10000000e+02 -1.00000000e+01 
 6.15000000e+02 -2.01927098e-01  6.15000000e+02 -1.61640890e-02  6.15000000e+02 -1.00000000e+01 
 6.20000000e+02 -2.01970068e-01  6.20000000e+02 -1.61668116e-02  6.20000000e+02 -1.00000000e+01 
 6.25000000e+02 -2.02012912e-01  6.25000000e+02 -1.61695757e-02  6.25000000e+02 -1.00000000e+01 
 6.30000000e+02 -2.02055637e-01  6.30000000e+02 -1.61723781e-02  6.30000000e+02 -1.00000000e+01 
 6.35000000e+02 -2.02098253e-01  6.35000000e+02 -1.61752161e-02  6.35000000e+02 -1.00000000e+01 
 6.40000000e+02 -2.02140766e-01  6.40000000e+02 -1.61780870e-02  6.40000000e+02 -1.00000000e+01 
 6.45000000e+02 -2.02183184e-01  6.45000000e+02 -1.61809885e-02  6.45000000e+02 -1.00000000e+01 
 6.50000000e+02 -2.02225512e-01  6.50000000e+02 -1.61839183e-02  6.50000000e+02 -1.00000000e+01 
 6.55000000e+02 -2.02267758e-01  6.55000000e+02 -1.61868744e-02  6.55000000e+02 -1.00000000e+01 
 6.60000000e+02 -2.02309926e-01  6.60000000e+02 -1.61898548e-02  6.60000000e+02 -1.00000000e+01 
 6.65000000e+02 -2.02352021e-01  6.65000000e+02 -1.61928577e-02  6.65000000e+02 -1.00000000e+01 
 6.70000000e+02 -2.02394050e-01  6.70000000e+02 -1.61958816e-02  6.70000000e+02 -1.00000000e+01 
 6.75000000e+02 -2.02436016e-01  6.75000000e+02 -1.61989248e-02  6.75000000e+02 -1.00000000e+01 
 6.80000000e+02 -2.02477923e-01  6.80000000e+02 -1.62019860e-02  6.80000000e+02 -1.00000000e+01 
 6.85000000e+02 -2.02519777e-01  6.85000000e+02 -1.62050639e-02  6.85000000e+02 -1.00000000e+01 
 6.90000000e+02 -2.02561580e-01  6.90000000e+02 -1.62081573e-02  6.90000000e+02 -1.00000000e+01 
 6.95000000e+02 -2.02603337e-01  6.95000000e+02 -1.62112650e-02  6.95000000e+02 -1.00000000e+01 
 7.00000000e+02 -2.02645051e-01  7.00000000e+02 -1.62143860e-02  7.00000000e+02 -1.00000000e+01 
 7.05000000e+02 -2.02686724e-01  7.05000000e+02 -1.62175194e-02  7.05000000e+02 -1.00000000e+01 
 7.10000000e+02 -2.02728361e-01  7.10000000e+02 -1.62206643e-02  7.10000000e+02 -1.00000000e+01 
 7.15000000e+02 -2.02769963e-01  7.15000000e+02 -1.62238198e-02  7.15000000e+02 -1.00000000e+01 
 7.20000000e+02 -2.02811534e-01  7.20000000e+02 -1.62269853e-02  7.20000000e+02 -1.00000000e+01 
 7.25000000e+02 -2.02853076e-01  7.25000000e+02 -1.62301601e-02  7.25000000e+02 -1.00000000e+01 
 7.30000000e+02 -2.02894592e-01  7.30000000e+02 -1.62333434e-02  7.30000000e+02 -1.00000000e+01 
 7.35000000e+02 -2.02936084e-01  7.35000000e+02 -1.62365347e-02  7.35000000e+02 -1.00000000e+01 
 7.40000000e+02 -2.02977554e-01  7.40000000e+02 -1.62397335e-02  7.40000000e+02 -1.00000000e+01 
 7.45000000e+02 -2.03019003e-01  7.45000000e+02 -1.62429393e-02  7.45000000e+02 -1.00000000e+01 
 7.50000000e+02 -2.03060435e-01  7.50000000e+02 -1.62461516e-02  7.50000000e+02 -1.00000000e+01 
 7.55000000e+02 -2.03101851e-01  7.55000000e+02 -1.62493700e-02  7.55000000e+02 -1.00000000e+01 
 7.60000000e+02 -2.03143253e-01  7.60000000e+02 -1.62525941e-02  7.60000000e+02 -1.00000000e+01 
 7.65000000e+02 -2.03184642e-01  7.65000000e+02 -1.62558235e-02  7.65000000e+02 -1.00000000e+01 
 7.70000000e+02 -2.03226021e-01  7.70000000e+02 -1.62590580e-02  7.70000000e+02 -1.00000000e+01 
 7.75000000e+02 -2.03267390e-01  7.75000000e+02 -1.62622971e-02  7.75000000e+02 -1.00000000e+01 
 7.80000000e+02 -2.03308752e-01  7.80000000e+02 -1.62655408e-02  7.80000000e+02 -1.00000000e+01 
 7.85000000e+02 -2.03350107e-01  7.85000000e+02 -1.62687886e-02  7.85000000e+02 -1.00000000e+01 
 7.90000000e+02 -2.03391458e-01  7.90000000e+02 -1.62720405e-02  7.90000000e+02 -1.00000000e+01 
 7.95000000e+02 -2.03432805e-01  7.95000000e+02 -1.62752961e-02  7.95000000e+02 -1.00000000e+01 
 8.00000000e+02 -2.03474151e-01  8.00000000e+02 -1.62785553e-02  8.00000000e+02 -1.00000000e+01 
 0.00000000e+00 -0.00000000e+00  0.00000000e+00 -1.10062027e-20  0.00000000e+00  0.00000000e+00 
 5.00000000e+00 -1.14723333e-03  5.00000000e+00 -7.45677730e-03  5.00000000e+00  0.00000000e+00 
 1.00000000e+01 -5.83637239e-03  1.00000000e+01 -1.84988550e-02  1.00000000e+01  0.00000000e+00 
 1.50000000e+01 -1.48930827e-02  1.50000000e+01 -3.07034203e-02  1.50000000e+01  0.00000000e+00 
 2.00000000e+01 -2.86591435e-02  2.00000000e+01 -4.32508879e-02  2.00000000e+01  0.00000000e+00 
 2.50000000e+01 -4.72580209e-02  2.50000000e+01 -5.57135126e-02  2.50000000e+01  0.00000000e+00 
 3.00000000e+01 -7.06872285e-02  3.00000000e+01 -6.78454700e-02  3.00000000e+01  0.00000000e+00 
 3.50000000e+01 -9.88655997e-02  3.50000000e+01 -7.95033769e-02  3.50000000e+01  0.00000000e+00 
 4.00000000e+01 -1.17112565e-01  4.00000000e+01 -8.05950644e-02  4.00000000e+01  0.00000000e+00 
 4.50000000e+01 -1.29588384e-01  4.50000000e+01 -7.75786634e-02  4.50000000e+01  0.00000000e+00 
 5.00000000e+01 -1.41012589e-01  5.00000000e+01 -7.44021294e-02  5.00000000e+01  0.00000000e+00 
 5.50000000e+01 -1.51523473e-01  5.50000000e+01 -7.12238933e-02  5.50000000e+01  0.00000000e+00 
 6.00000000e+01 -1.61208387e-01  6.00000000e+01 -6.81200346e-02  6.00000000e+01  0.00000000e+00 
 6.50000000e+01 -1.70143215e-01  6.50000000e+01 -6.51335605e-02  6.50000000e+01  0.00000000e+00 
 7.00000000e+01 -1.78394404e-01  7.00000000e+01 -6.22876739e-02  7.00000000e+01  0.00000000e+00 
 7.50000000e+01 -1.86020630e-01  7.50000000e+01 -5.95934867e-02  7.50000000e+01  0.00000000e+00 
 8.00000000e+01 -1.93074123e-01  8.00000000e+01 -5.70546351e-02  8.00000000e+01  0.00000000e+00 
 8.50000000e+01 -1.99601688e-01  8.50000000e+01 -5.46701127e-02  8.50000000e+01  0.00000000e+00 
 9.00000000e+01 -2.05645520e-01  9.00000000e+01 -5.24360473e-02  9.00000000e+01  0.00000000e+00 
 9.50000000e+01 -2.11243829e-01  9.50000000e+01 -5.03468367e-02  9.50000000e+01  0.00000000e+00 
 1.00000000e+02 -2.16431361e-01  1.00000000e+02 -4.83958831e-02  1.00000000e+02  0.00000000e+00 
 1.05000000e+02 -2.21239810e-01  1.05000000e+02 -4.65760750e-02  1.05000000e+02  0.00000000e+00 
 1.10000000e+02 -2.25698161e-01  1.10000000e+02 -4.48801032e-02  1.10000000e+02  0.00000000e+00 
 1.15000000e+02 -2.29832979e-01  1.15000000e+02 -4.33006688e-02  1.15000000e+02  0.00000000e+00 
 1.20000000e+02 -2.33668659e-01  1.20000000e+02 -4.18306187e-02  1.20000000e+02  0.00000000e+00 
 1.25000000e+02 -2.37227631e-01  1.25000000e+02 -4.04630323e-02  1.25000000e+02  0.00000000e+00 
 1.30000000e+02 -2.40530544e-01  1.30000000e+02 -3.91912750e-02  1.30000000e+02  0.00000000e+00 
 1.35000000e+02 -2.43596433e-01  1.35000000e+02 -3.80090288e-02  1.35000000e+02  0.00000000e+00 
 1.40000000e+02 -2.46442854e-01  1.40000000e+02 -3.69103076e-02  1.40000000e+02  0.00000000e+00 
 1.45000000e+02 -2.49086011e-01  1.45000000e+02 -3.58894610e-02  1.45000000e+02  0.00000000e+00 
 1.50000000e+02 -2.51540875e-01  1.50000000e+02 -3.49411719e-02  1.50000000e+02  0.00000000e+00 
 1.55000000e+02 -2.53906293e-01  1.55000000e+02 -3.40274709e-02  1.55000000e+02  0.00000000e+00 
 1.60000000e+02 -2.56018842e-01  1.60000000e+02 -3.32119055e-02  1.60000000e+02  0.00000000e+00 
 1.65000000e+02 -2.57981972e-01  1.65000000e+02 -3.24547220e-02  1.65000000e+02  0.00000000e+00 
 1.70000000e+02 -2.59806644e-01  1.70000000e+02 -3.17518167e-02  1.70000000e+02  0.00000000e+00 
 1.75000000e+02 -2.61502957e-01  1.75000000e+02 -3.10993782e-02  1.75000000e+02  0.00000000e+00 
 1.80000000e+02 -2.63080260e-01  1.80000000e+02 -3.04938520e-02  1.80000000e+02  0.00000000e+00 
 1.85000000e+02 -2.64547213e-01  1.85000000e+02 -2.99319248e-02  1.85000000e+02  0.00000000e+00 
 1.90000000e+02 -2.65911834e-01  1.90000000e+02 -2.94105105e-02  1.90000000e+02  0.00000000e+00 
 1.95000000e+02 -2.67181555e-01  1.95000000e+02 -2.89267354e-02  1.95000000e+02  0.00000000e+00 
 2.00000000e+02 -2.68363257e-01  2.00000000e+02 -2.84779252e-02  2.00000000e+02  0.00000000e+00 
 2.05000000e+02 -2.69463321e-01  2.05000000e+02 -2.80615917e-02  2.05000000e+02  0.00000000e+00 
 2.10000000e+02 -2.70487658e-01  2.10000000e+02 -2.76754207e-02  2.10000000e+02  0.00000000e+00 
 2.15000000e+02 -2.71441748e-01  2.15000000e+02 -2.73172603e-02  2.15000000e+02  0.00000000e+00 
 2.20000000e+02 -2.72330672e-01  2.20000000e+02 -2.69851099e-02  2.20000000e+02  0.00000000e+00 
 2.25000000e+02 -2.73159139e-01  2.25000000e+02 -2.66771102e-02  2.25000000e+02  0.00000000e+00 
 2.30000000e+02 -2.73931514e-01  2.30000000e+02 -2.63915333e-02  2.30000000e+02  0.00000000e+00 
 2.35000000e+02 -2.74651848e-01  2.35000000e+02 -2.61267736e-02  2.35000000e+02  0.00000000e+00 
 2.40000000e+02 -2.75323893e-01  2.40000000e+02 -2.58813396e-02  2.40000000e+02  0.00000000e+00 
 2.45000000e+02 -2.75951132e-01  2.45000000e+02 -2.56538456e-02  2.45000000e+02  0.00000000e+00 
 2.50000000e+02 -2.76536794e-01  2.50000000e+02 -2.54430048e-02  2.50000000e+02  0.00000000e+00 
 2.55000000e+02 -2.77083872e-01  2.55000000e+02 -2.52476218e-02  2.55000000e+02  0.00000000e+00 
 2.60000000e+02 -2.77595146e-01  2.60000000e+02 -2.50665868e-02  2.60000000e+02  0.00000000e+00 
 2.65000000e+02 -2.78073191e-01  2.65000000e+02 -2.48988688e-02  2.65000000e+02  0.00000000e+00 
 2.70000000e+02 -2.78520396e-01  2.70000000e+02 -2.47435109e-02  2.70000000e+02  0.00000000e+00 
 2.75000000e+02 -2.78938980e-01  2.75000000e+02 -2.45996245e-02  2.75000000e+02  0.00000000e+00 
 2.80000000e+02 -2.79330998e-01  2.80000000e+02 -2.44663845e-02  2.80000000e+02  0.00000000e+00 
 2.85000000e+02 -2.79698360e-01  2.85000000e+02 -2.43430250e-02  2.85000000e+02  0.00000000e+00 
 2.90000000e+02 -2.80042833e-01  2.90000000e+02 -2.42288349e-02  2.90000000e+02  0.00000000e+00 
 2.95000000e+02 -2.80366062e-01  2.95000000e+02 -2.41231543e-02  2.95000000e+02  0.00000000e+00 
 3.00000000e+02 -2.80669570e-01  3.00000000e+02 -2.40253703e-02  3.00000000e+02  0.00000000e+00 
 3.05000000e+02 -2.80954770e-01  3.05000000e+02 -2.39349142e-02  3.05000000e+02  0.00000000e+00 
 3.10000000e+02 -2.81222975e-01  3.10000000e+02 -2.38512582e-02  3.10000000e+02  0.00000000e+00 
 3.15000000e+02 -2.81475401e-01  3.15000000e+02 -2.37739123e-02  3.15000000e+02  0.00000000e+00 
 3.20000000e+02 -2.81713179e-01  3.20000000e+02 -2.37024216e-02  3.20000000e+02  0.00000000e+00 
 3.25000000e+02 -2.81937356e-01  3.25000000e+02 -2.36363641e-02  3.25000000e+02  0.00000000e+00 
 3.30000000e+02 -2.82148905e-01  3.30000000e+02 -2.35753481e-02  3.30000000e+02  0.00000000e+00 
 3.35000000e+02 -2.82348729e-01  3.35000000e+02 -2.35190098e-02  3.35000000e+02  0.00000000e+00 
 3.40000000e+02 -2.82537665e-01  3.40000000e+02 -2.34670120e-02  3.40000000e+02  0.00000000e+00 
 3.45000000e+02 -2.82716491e-01  3.45000000e+02 -2.34190415e-02  3.45000000e+02  0.00000000e+00 
 3.50000000e+02 -2.82885929e-01  3.50000000e+02 -2.33748077e-02  3.50000000e+02  0.00000000e+00 
 3.55000000e+02 -2.83046648e-01  3.55000000e+02 -2.33340408e-02  3.55000000e+02  0.00000000e+00 
 3.60000000e+02 -2.83199269e-01  3.60000000e+02 -2.32964907e-02  3.60000000e+02  0.00000000e+00 
 3.65000000e+02 -2.83344369e-01  3.65000000e+02 -2.32619250e-02  3.65000000e+02  0.00000000e+00 
 3.70000000e+02 -2.83482485e-01  3.70000000e+02 -2.32301283e-02  3.70000000e+02  0.00000000e+00 
 3.75000000e+02 -2.83614112e-01  3.75000000e+02 -2.32009006e-02  3.75000000e+02  0.00000000e+00 
 3.80000000e+02 -2.83739713e-01  3.80000000e+02 -2.31740562e-02  3.80000000e+02  0.00000000e+00 
 3.85000000e+02 -2.83859715e-01  3.85000000e+02 -2.31494230e-02  3.85000000e+02  0.00000000e+00 
 3.90000000e+02 -2.83974517e-01  3.90000000e+02 -2.31268411e-02  3.90000000e+02  0.00000000e+00 
 3.95000000e+02 -2.84084486e-01  3.95000000e+02 -2.31061624e-02  3.95000000e+02  0.00000000e+00 
 4.00000000e+02 -2.84189966e-01  4.00000000e+02 -2.30872491e-02  4.00000000e+02  0.00000000e+00 
 4.05000000e+02 -2.84291275e-01  4.05000000e+02 -2.30699737e-02  4.05000000e+02  0.00000000e+00 
 4.10000000e+02 -2.84388708e-01  4.10000000e+02 -2.30542177e-02  4.10000000e+02  0.00000000e+00 
 4.15000000e+02 -2.84482539e-01  4.15000000e+02 -2.30398712e-02  4.15000000e+02  0.00000000e+00 
 4.20000000e+02 -2.84573023e-01  4.20000000e+02 -2.30268321e-02  4.20000000e+02  0.00000000e+00 
 4.25000000e+02 -2.84660396e-01  4.25000000e+02 -2.30150059e-02  4.25000000e+02  0.00000000e+00 
 4.30000000e+02 -2.84744877e-01  4.30000000e+02 -2.30043048e-02  4.30000000e+02  0.00000000e+00 
 4.35000000e+02 -2.84826671e-01  4.35000000e+02 -2.29946473e-02  4.35000000e+02  0.00000000e+00 
 4.40000000e+02 -2.84905966e-01  4.40000000e+02 -2.29859579e-02  4.40000000e+02  0.00000000e+00 
 4.45000000e+02 -2.84982939e-01  4.45000000e+02 -2.29781663e-02  4.45000000e+02  0.00000000e+00 
 4.50000000e+02 -2.85057752e-01  4.50000000e+02 -2.29712076e-02  4.50000000e+02  0.00000000e+00 
 4.55000000e+02 -2.85130556e-01  4.55000000e+02 -2.29650213e-02  4.55000000e+02  0.00000000e+00 
 4.60000000e+02 -2.85201494e-01  4.60000000e+02 -2.29595516e-02  4.60000000e+02  0.00000000e+00 
 4.65000000e+02 -2.85270694e-01  4.65000000e+02 -2.29547463e-02  4.65000000e+02  0.00000000e+00 
 4.70000000e+02 -2.85338279e-01  4.70000000e+02 -2.29505574e-02  4.70000000e+02  0.00000000e+00 
 4.75000000e+02 -2.85404362e-01  4.75000000e+02 -2.29469401e-02  4.75000000e+02  0.00000000e+00 
 4.80000000e+02 -2.85469047e-01  4.80000000e+02 -2.29438528e-02  4.80000000e+02  0.00000000e+00 
 4.85000000e+02 -2.85532432e-01  4.85000000e+02 -2.29412572e-02  4.85000000e+02  0.00000000e+00 
 4.90000000e+02 -2.85594606e-01  4.90000000e+02 -2.29391175e-02  4.90000000e+02  0.00000000e+00 
 4.95000000e+02 -2.85655654e-01  4.95000000e+02 -2.29374006e-02  4.95000000e+02  0.00000000e+00 
 5.00000000e+02 -2.85715655e-01  5.00000000e+02 -2.29360757e-02  5.00000000e+02  0.00000000e+00 
 5.05000000e+02 -2.85774679e-01  5.05000000e+02 -2.29351143e-02  5.05000000e+02  0.00000000e+00 
 5.10000000e+02 -2.85832795e-01  5.10000000e+02 -2.29344901e-02  5.10000000e+02  0.00000000e+00 
 5.15000000e+02 -2.85890066e-01  5.15000000e+02 -2.29341784e-02  5.15000000e+02  0.00000000e+00 
 5.20000000e+02 -2.85946549e-01  5.20000000e+02 -2.29341565e-02  5.20000000e+02  0.00000000e+00 
 5.25000000e+02 -2.86002298e-01  5.25000000e+02 -2.29344033e-02  5.25000000e+02  0.00000000e+00 
 5.30000000e+02 -2.86057364e-01  5.30000000e+02 -2.29348992e-02  5.30000000e+02  0.00000000e+00 
 5.35000000e+02 -2.86111794e-01  5.35000000e+02 -2.29356260e-02  5.35000000e+02  0.00000000e+00 
 5.40000000e+02 -2.86165630e-01  5.40000000e+02 -2.29365669e-02  5.40000000e+02  0.00000000e+00 
 5.45000000e+02 -2.86218914e-01  5.45000000e+02 -2.29377063e-02  5.45000000e+02  0.00000000e+00 
 5.50000000e+02 -2.86271682e-01  5.50000000e+02 -2.29390297e-02  5.50000000e+02  0.00000000e+00 
 5.55000000e+02 -2.86323970e-01  5.55000000e+02 -2.29405235e-02  5.55000000e+02  0.00000000e+00 
 5.60000000e+02 -2.86375810e-01  5.60000000e+02 -2.29421755e-02  5.60000000e+02  0.00000000e+00 
 5.65000000e+02 -2.86427232e-01  5.65000000e+02 -2.29439739e-02  5.65000000e+02  0.00000000e+00 
 5.70000000e+02 -2.86478264e-01  5.70000000e+02 -2.29459080e-02  5.70000000e+02  0.00000000e+00 
 5.75000000e+02 -2.86528932e-01  5.75000000e+02 -2.29479680e-02  5.75000000e+02  0.00000000e+00 
 5.80000000e+02 -2.86579261e-01  5.80000000e+02 -2.29501446e-02  5.80000000e+02  0.00000000e+00 
 5.85000000e+02 -2.86629273e-01  5.85000000e+02 -2.29524291e-02  5.85000000e+02  0.00000000e+00 
 5.90000000e+02 -2.86678989e-01  5.90000000e+02 -2.29548138e-02  5.90000000e+02  0.00000000e+00 
 5.95000000e+02 -2.86728428e-01  5.95000000e+02 -2.29572912e-02  5.95000000e+02  0.00000000e+00 
 6.00000000e+02 -2.86777610e-01  6.00000000e+02 -2.29598544e-02  6.00000000e+02  0.00000000e+00 
 6.05000000e+02 -2.86826550e-01  6.05000000e+02 -2.29624973e-02  6.05000000e+02  0.00000000e+00 
 6.10000000e+02 -2.86875265e-01  6.10000000e+02 -2.29652139e-02  6.10000000e+02  0.00000000e+00 
 6.15000000e+02 -2.86923769e-01  6.15000000e+02 -2.29679987e-02  6.15000000e+02  0.00000000e+00 
 6.20000000e+02 -2.86972075e-01  6.20000000e+02 -2.29708467e-02  6.20000000e+02  0.00000000e+00 
 6.25000000e+02 -2.87020198e-01  6.25000000e+02 -2.29737533e-02  6.25000000e+02  0.00000000e+00 
 6.30000000e+02 -2.87068147e-01  6.30000000e+02 -2.29767141e-02  6.30000000e+02  0.00000000e+00 
 6.35000000e+02 -2.87115936e-01  6.35000000e+02 -2.29797250e-02  6.35000000e+02  0.00000000e+00 
 6.40000000e+02 -2.87163572e-01  6.40000000e+02 -2.29827824e-02  6.40000000e+02  0.00000000e+00 
 6.45000000e+02 -2.87211068e-01  6.45000000e+02 -2.29858828e-02  6.45000000e+02  0.00000000e+00 
 6.50000000e+02 -2.87258430e-01  6.50000000e+02 -2.29890231e-02  6.50000000e+02  0.00000000e+00 
 6.55000000e+02 -2.87305668e-01  6.55000000e+02 -2.29922001e-02  6.55000000e+02  0.00000000e+00 
 6.60000000e+02 -2.87352790e-01  6.60000000e+02 -2.29954112e-02  6.60000000e+02  0.00000000e+00 
 6.65000000e+02 -2.87399802e-01  6.65000000e+02 -2.29986539e-02  6.65000000e+02  0.00000000e+00 
 6.70000000e+02 -2.87446711e-01  6.70000000e+02 -2.30019257e-02  6.70000000e+02  0.00000000e+00 
 6.75000000e+02 -2.87493524e-01  6.75000000e+02 -2.30052245e-02  6.75000000e+02  0.00000000e+00 
 6.80000000e+02 -2.87540247e-01  6.80000000e+02 -2.30085482e-02  6.80000000e+02  0.00000000e+00 
 6.85000000e+02 -2.87586884e-01  6.85000000e+02 -2.30118950e-02  6.85000000e+02  0.00000000e+00 
 6.90000000e+02 -2.87633442e-01  6.90000000e+02 -2.30152631e-02  6.90000000e+02  0.00000000e+00 
 6.95000000e+02 -2.87679925e-01  6.95000000e+02 -2.30186509e-02  6.95000000e+02  0.00000000e+00 
 7.00000000e+02 -2.87726338e-01  7.00000000e+02 -2.30220569e-02  7.00000000e+02  0.00000000e+00 
 7.05000000e+02 -2.87772684e-01  7.05000000e+02 -2.30254798e-02  7.05000000e+02  0.00000000e+00 
 7.10000000e+02 -2.87818968e-01  7.10000000e+02 -2.30289182e-02  7.10000000e+02  0.00000000e+00 
 7.15000000e+02 -2.87865193e-01  7.15000000e+02 -2.30323710e-02  7.15000000e+02  0.00000000e+00 
 7.20000000e+02 -2.87911363e-01  7.20000000e+02 -2.30358371e-02  7.20000000e+02  0.00000000e+00 
 7.25000000e+02 -2.87957481e-01  7.25000000e+02 -2.30393154e-02  7.25000000e+02  0.00000000e+00 
 7.30000000e+02 -2.88003550e-01  7.30000000e+02 -2.30428050e-02  7.30000000e+02  0.00000000e+00 
 7.35000000e+02 -2.88049572e-01  7.35000000e+02 -2.30463050e-02  7.35000000e+02  0.00000000e+00 
 7.40000000e+02 -2.88095552e-01  7.40000000e+02 -2.30498146e-02  7.40000000e+02  0.00000000e+00 
 7.45000000e+02 -2.88141490e-01  7.45000000e+02 -2.30533332e-02  7.45000000e+02  0.00000000e+00 
 7.50000000e+02 -2.88187389e-01  7.50000000e+02 -2.30568599e-02  7.50000000e+02  0.00000000e+00 
 7.55000000e+02 -2.88233253e-01  7.55000000e+02 -2.30603942e-02  7.55000000e+02  0.00000000e+00 
 7.60000000e+02 -2.88279081e-01  7.60000000e+02 -2.30639355e-02  7.60000000e+02  0.00000000e+00 
 7.65000000e+02 -2.88324878e-01  7.65000000e+02 -2.30674832e-02  7.65000000e+02  0.00000000e+00 
 7.70000000e+02 -2.88370643e-01  7.70000000e+02 -2.30710368e-02  7.70000000e+02  0.00000000e+00 
 7.75000000e+02 -2.88416380e-01  7.75000000e+02 -2.30745958e-02  7.75000000e+02  0.00000000e+00 
 7.80000000e+02 -2.88462090e-01  7.80000000e+02 -2.30781599e-02  7.80000000e+02  0.00000000e+00 
 7.85000000e+02 -2.88507774e-01  7.85000000e+02 -2.30817286e-02  7.85000000e+02  0.00000000e+00 
 7.90000000e+02 -2.88553434e-01  7.90000000e+02 -2.30853016e-02  7.90000000e+02  0.00000000e+00 
 7.95000000e+02 -2.88599071e-01  7.95000000e+02 -2.30888785e-02  7.95000000e+02  0.00000000e+00 
 8.00000000e+02 -2.88644686e-01  8.00000000e+02 -2.30924590e-02  8.00000000e+02  0.00000000e+00 
 0.00000000e+00 -0.00000000e+00  0.00000000e+00 -1.10062027e-20  0.00000000e+00  1.00000000e+01 
 5.00000000e+00 -1.14723333e-03  5.00000000e+00 -7.45677730e-03  5.00000000e+00  1.00000000e+01 
 1.00000000e+01 -5.83637239e-03  1.00000000e+01 -1.84988550e-02  1.00000000e+01  1.00000000e+01 
 1.50000000e+01 -1.48930827e-02  1.50000000e+01 -3.07034203e-02  1.50000000e+01  1.00000000e+01 
 2.00000000e+01 -2.86591435e-02  2.00000000e+01 -4.32508879e-02  2.00000000e+01  1.00000000e+01 
 2.50000000e+01 -4.72580209e-02  2.50000000e+01 -5.57135126e-02  2.50000000e+01  1.00000000e+01 
 3.00000000e+01 -7.06872285e-02  3.00000000e+01 -6.78454700e-02  3.00000000e+01  1.00000000e+01 
 3.50000000e+01 -9.88655997e-02  3.50000000e+01 -7.95033769e-02  3.50000000e+01  1.00000000e+01 
 4.00000000e+01 -1.31661447e-01  4.00000000e+01 -9.06073814e-02  4.00000000e+01  1.00000000e+01 
 4.50000000e+01 -1.68910785e-01  4.50000000e+01 -1.01119194e-01  4.50000000e+01  1.00000000e+01 
 5.00000000e+01 -1.87282093e-01  5.00000000e+01 -9.88151949e-02  5.00000000e+01  1.00000000e+01 
 5.50000000e+01 -2.01246304e-01  5.50000000e+01 -9.45962031e-02  5.50000000e+01  1.00000000e+01 
 6.00000000e+01 -2.14103347e-01  6.00000000e+01 -9.04712697e-02  6.00000000e+01  1.00000000e+01 
 6.50000000e+01 -2.25963472e-01  6.50000000e+01 -8.65024531e-02  6.50000000e+01  1.00000000e+01 
 7.00000000e+01 -2.36915006e-01  7.00000000e+01 -8.27205580e-02  7.00000000e+01  1.00000000e+01 
 7.50000000e+01 -2.47035951e-01  7.50000000e+01 -7.91403278e-02  7.50000000e+01  1.00000000e+01 
 8.00000000e+01 -2.56395737e-01  8.00000000e+01 -7.57665761e-02  8.00000000e+01  1.00000000e+01 
 8.50000000e+01 -2.65056586e-01  8.50000000e+01 -7.25979501e-02  8.50000000e+01  1.00000000e+01 
 9.00000000e+01 -2.73074586e-01  9.00000000e+01 -6.96292918e-02  9.00000000e+01  1.00000000e+01 
 9.50000000e+01 -2.80500533e-01  9.50000000e+01 -6.68531458e-02  9.50000000e+01  1.00000000e+01 
 1.00000000e+02 -2.87380613e-01  1.00000000e+02 -6.42607359e-02  1.00000000e+02  1.00000000e+01 
 1.05000000e+02 -2.93756957e-01  1.05000000e+02 -6.18426043e-02  1.05000000e+02  1.00000000e+01 
 1.10000000e+02 -2.99668091e-01  1.10000000e+02 -5.95890318e-02  1.10000000e+02  1.00000000e+01 
 1.15000000e+02 -3.05149330e-01  1.15000000e+02 -5.74903138e-02  1.15000000e+02  1.00000000e+01 
 1.20000000e+02 -3.10233096e-01  1.20000000e+02 -5.55369403e-02  1.20000000e+02  1.00000000e+01 
 1.25000000e+02 -3.14949203e-01  1.25000000e+02 -5.37197111e-02  1.25000000e+02  1.00000000e+01 
 1.30000000e+02 -3.19325099e-01  1.30000000e+02 -5.20298068e-02  1.30000000e+02  1.00000000e+01 
 1.35000000e+02 -3.23386080e-01  1.35000000e+02 -5.04588292e-02  1.35000000e+02  1.00000000e+01 
 1.40000000e+02 -3.27155479e-01  1.40000000e+02 -4.89988214e-02  1.40000000e+02  1.00000000e+01 
 1.45000000e+02 -3.30654835e-01  1.45000000e+02 -4.76422733e-02  1.45000000e+02  1.00000000e+01 
 1.50000000e+02 -3.33904042e-01  1.50000000e+02 -4.63821180e-02  1.50000000e+02  1.00000000e+01 
 1.55000000e+02 -3.37034422e-01  1.55000000e+02 -4.51679121e-02  1.55000000e+02  1.00000000e+01 
 1.60000000e+02 -3.39828876e-01  1.60000000e+02 -4.40840738e-02  1.60000000e+02  1.00000000e+01 
 1.65000000e+02 -3.42424844e-01  1.65000000e+02 -4.30777888e-02  1.65000000e+02  1.00000000e+01 
 1.70000000e+02 -3.44836891e-01  1.70000000e+02 -4.21436037e-02  1.70000000e+02  1.00000000e+01 
 1.75000000e+02 -3.47078436e-01  1.75000000e+02 -4.12764539e-02  1.75000000e+02  1.00000000e+01 
 1.80000000e+02 -3.49161903e-01  1.80000000e+02 -4.04716156e-02  1.80000000e+02  1.00000000e+01 
 1.85000000e+02 -3.51098796e-01  1.85000000e+02 -3.97246867e-02  1.85000000e+02  1.00000000e+01 
 1.90000000e+02 -3.52899772e-01  1.90000000e+02 -3.90315663e-02  1.90000000e+02  1.00000000e+01 
 1.95000000e+02 -3.54574703e-01  1.95000000e+02 -3.83884362e-02  1.95000000e+02  1.00000000e+01 
 2.00000000e+02 -3.56132734e-01  2.00000000e+02 -3.77917432e-02  2.00000000e+02  1.00000000e+01 
 2.05000000e+02 -3.57582341e-01  2.05000000e+02 -3.72381815e-02  2.05000000e+02  1.00000000e+01 
 2.10000000e+02 -3.58931379e-01  2.10000000e+02 -3.67246763e-02  2.10000000e+02  1.00000000e+01 
 2.15000000e+02 -3.60187127e-01  2.15000000e+02 -3.62483689e-02  2.15000000e+02  1.00000000e+01 
 2.20000000e+02 -3.61356334e-01  2.20000000e+02 -3.58066016e-02  2.20000000e+02  1.00000000e+01 
 2.25000000e+02 -3.62445257e-01  2.25000000e+02 -3.53969042e-02  2.25000000e+02  1.00000000e+01 
 2.30000000e+02 -3.63459695e-01  2.30000000e+02 -3.50169814e-02  2.30000000e+02  1.00000000e+01 
 2.35000000e+02 -3.64405028e-01  2.35000000e+02 -3.46647005e-02  2.35000000e+02  1.00000000e+01 
 2.40000000e+02 -3.65286242e-01  2.40000000e+02 -3.43380801e-02  2.40000000e+02  1.00000000e+01 
 2.45000000e+02 -3.66107961e-01  2.45000000e+02 -3.40352798e-02  2.45000000e+02  1.00000000e+01 
 2.50000000e+02 -3.66874474e-01  2.50000000e+02 -3.37545901e-02  2.50000000e+02  1.00000000e+01 
 2.55000000e+02 -3.67589760e-01  2.55000000e+02 -3.34944235e-02  2.55000000e+02  1.00000000e+01 
 2.60000000e+02 -3.68257507e-01  2.60000000e+02 -3.32533057e-02  2.60000000e+02  1.00000000e+01 
 2.65000000e+02 -3.68881137e-01  2.65000000e+02 -3.30298678e-02  2.65000000e+02  1.00000000e+01 
 2.70000000e+02 -3.69463824e-01  2.70000000e+02 -3.28228386e-02  2.70000000e+02  1.00000000e+01 
 2.75000000e+02 -3.70008512e-01  2.75000000e+02 -3.26310381e-02  2.75000000e+02  1.00000000e+01 
 2.80000000e+02 -3.70517934e-01  2.80000000e+02 -3.24533705e-02  2.80000000e+02  1.00000000e+01 
 2.85000000e+02 -3.70994622e-01  2.85000000e+02 -3.22888187e-02  2.85000000e+02  1.00000000e+01 
 2.90000000e+02 -3.71440927e-01  2.90000000e+02 -3.21364386e-02  2.90000000e+02  1.00000000e+01 
 2.95000000e+02 -3.71859030e-01  2.95000000e+02 -3.19953535e-02  2.95000000e+02  1.00000000e+01 
 3.00000000e+02 -3.72250955e-01  3.00000000e+02 -3.18647499e-02  3.00000000e+02  1.00000000e+01 
 3.05000000e+02 -3.72618578e-01  3.05000000e+02 -3.17438727e-02  3.05000000e+02  1.00000000e+01 
 3.10000000e+02 -3.72963643e-01  3.10000000e+02 -3.16320208e-02  3.10000000e+02  1.00000000e+01 
 3.15000000e+02 -3.73287764e-01  3.15000000e+02 -3.15285436e-02  3.15000000e+02  1.00000000e+01 
 3.20000000e+02 -3.73592442e-01  3.20000000e+02 -3.14328375e-02  3.20000000e+02  1.00000000e+01 
 3.25000000e+02 -3.73879068e-01  3.25000000e+02 -3.13443418e-02  3.25000000e+02  1.00000000e+01 
 3.30000000e+02 -3.74148934e-01  3.30000000e+02 -3.12625366e-02  3.30000000e+02  1.00000000e+01 
 3.35000000e+02 -3.74403238e-01  3.35000000e+02 -3.11869392e-02  3.35000000e+02  1.00000000e+01 
 3.40000000e+02 -3.74643093e-01  3.40000000e+02 -3.11171015e-02  3.40000000e+02  1.00000000e+01 
 3.45000000e+02 -3.74869530e-01  3.45000000e+02 -3.10526080e-02  3.45000000e+02  1.00000000e+01 
 3.50000000e+02 -3.75083506e-01  3.50000000e+02 -3.09930728e-02  3.50000000e+02  1.00000000e+01 
 3.55000000e+02 -3.75285913e-01  3.55000000e+02 -3.09381379e-02  3.55000000e+02  1.00000000e+01 
 3.60000000e+02 -3.75477573e-01  3.60000000e+02 -3.08874711e-02  3.60000000e+02  1.00000000e+01 
 3.65000000e+02 -3.75659253e-01  3.65000000e+02 -3.08407641e-02  3.65000000e+02  1.00000000e+01 
 3.70000000e+02 -3.75831664e-01  3.70000000e+02 -3.07977310e-02  3.70000000e+02  1.00000000e+01 
 3.75000000e+02 -3.75995465e-01  3.75000000e+02 -3.07581061e-02  3.75000000e+02  1.00000000e+01 
 3.80000000e+02 -3.76151270e-01  3.80000000e+02 -3.07216433e-02  3.80000000e+02  1.00000000e+01 
 3.85000000e+02 -3.76299645e-01  3.85000000e+02 -3.06881138e-02  3.85000000e+02  1.00000000e+01 
 3.90000000e+02 -3.76441119e-01  3.90000000e+02 -3.06573058e-02  3.90000000e+02  1.00000000e+01 
 3.95000000e+02 -3.76576182e-01  3.95000000e+02 -3.06290224e-02  3.95000000e+02  1.00000000e+01 
 4.00000000e+02 -3.76705288e-01  4.00000000e+02 -3.06030809e-02  4.00000000e+02  1.00000000e+01 
 4.05000000e+02 -3.76828859e-01  4.05000000e+02 -3.05793120e-02  4.05000000e+02  1.00000000e+01 
 4.10000000e+02 -3.76947288e-01  4.10000000e+02 -3.05575585e-02  4.10000000e+02  1.00000000e+01 
 4.15000000e+02 -3.77060938e-01  4.15000000e+02 -3.05376745e-02  4.15000000e+02  1.00000000e+01 
 4.20000000e+02 -3.77170146e-01  4.20000000e+02 -3.05195248e-02  4.20000000e+02  1.00000000e+01 
 4.25000000e+02 -3.77275227e-01  4.25000000e+02 -3.05029836e-02  4.25000000e+02  1.00000000e+01 
 4.30000000e+02 -3.77376472e-01  4.30000000e+02 -3.04879346e-02  4.30000000e+02  1.00000000e+01 
 4.35000000e+02 -3.77474151e-01  4.35000000e+02 -3.04742697e-02  4.35000000e+02  1.00000000e+01 
 4.40000000e+02 -3.77568515e-01  4.40000000e+02 -3.04618886e-02  4.40000000e+02  1.00000000e+01 
 4.45000000e+02 -3.77659796e-01  4.45000000e+02 -3.04506982e-02  4.45000000e+02  1.00000000e+01 
 4.50000000e+02 -3.77748213e-01  4.50000000e+02 -3.04406122e-02  4.50000000e+02  1.00000000e+01 
 4.55000000e+02 -3.77833965e-01  4.55000000e+02 -3.04315506e-02  4.55000000e+02  1.00000000e+01 
 4.60000000e+02 -3.77917240e-01  4.60000000e+02 -3.04234390e-02  4.60000000e+02  1.00000000e+01 
 4.65000000e+02 -3.77998211e-01  4.65000000e+02 -3.04162085e-02  4.65000000e+02  1.00000000e+01 
 4.70000000e+02 -3.78077038e-01  4.70000000e+02 -3.04097953e-02  4.70000000e+02  1.00000000e+01 
 4.75000000e+02 -3.78153872e-01  4.75000000e+02 -3.04041398e-02  4.75000000e+02  1.00000000e+01 
 4.80000000e+02 -3.78228852e-01  4.80000000e+02 -3.03991872e-02  4.80000000e+02  1.00000000e+01 
 4.85000000e+02 -3.78302106e-01  4.85000000e+02 -3.03948864e-02  4.85000000e+02  1.00000000e+01 
 4.90000000e+02 -3.78373754e-01  4.90000000e+02 -3.03911899e-02  4.90000000e+02  1.00000000e+01 
 4.95000000e+02 -3.78443908e-01  4.95000000e+02 -3.03880539e-02  4.95000000e+02  1.00000000e+01 
 5.00000000e+02 -3.78512671e-01  5.00000000e+02 -3.03854376e-02  5.00000000e+02  1.00000000e+01 
 5.05000000e+02 -3.78580140e-01  5.05000000e+02 -3.03833032e-02  5.05000000e+02  1.00000000e+01 
 5.10000000e+02 -3.78646403e-01  5.10000000e+02 -3.03816156e-02  5.10000000e+02  1.00000000e+01 
 5.15000000e+02 -3.78711544e-01  5.15000000e+02 -3.03803423e-02  5.15000000e+02  1.00000000e+01 
 5.20000000e+02 -3.78775640e-01  5.20000000e+02 -3.03794531e-02  5.20000000e+02  1.00000000e+01 
 5.25000000e+02 -3.78838763e-01  5.25000000e+02 -3.03789199e-02  5.25000000e+02  1.00000000e+01 
 5.30000000e+02 -3.78900979e-01  5.30000000e+02 -3.03787169e-02  5.30000000e+02  1.00000000e+01 
 5.35000000e+02 -3.78962349e-01  5.35000000e+02 -3.03788199e-02  5.35000000e+02  1.00000000e+01 
 5.40000000e+02 -3.79022933e-01  5.40000000e+02 -3.03792067e-02  5.40000000e+02  1.00000000e+01 
 5.45000000e+02 -3.79082782e-01  5.45000000e+02 -3.03798563e-02  5.45000000e+02  1.00000000e+01 
 5.50000000e+02 -3.79141948e-01  5.50000000e+02 -3.03807498e-02  5.50000000e+02  1.00000000e+01 
 5.55000000e+02 -3.79200475e-01  5.55000000e+02 -3.03818692e-02  5.55000000e+02  1.00000000e+01 
 5.60000000e+02 -3.79258408e-01  5.60000000e+02 -3.03831979e-02  5.60000000e+02  1.00000000e+01 
 5.65000000e+02 -3.79315785e-01  5.65000000e+02 -3.03847207e-02  5.65000000e+02  1.00000000e+01 
 5.70000000e+02 -3.79372645e-01  5.70000000e+02 -3.03864234e-02  5.70000000e+02  1.00000000e+01 
 5.75000000e+02 -3.79429022e-01  5.75000000e+02 -3.03882926e-02  5.75000000e+02  1.00000000e+01 
 5.80000000e+02 -3.79484947e-01  5.80000000e+02 -3.03903163e-02  5.80000000e+02  1.00000000e+01 
 5.85000000e+02 -3.79540452e-01  5.85000000e+02 -3.03924830e-02  5.85000000e+02  1.00000000e+01 
 5.90000000e+02 -3.79595563e-01  5.90000000e+02 -3.03947823e-02  5.90000000e+02  1.00000000e+01 
 5.95000000e+02 -3.79650307e-01  5.95000000e+02 -3.03972043e-02  5.95000000e+02  1.00000000e+01 
 6.00000000e+02 -3.79704708e-01  6.00000000e+02 -3.03997401e-02  6.00000000e+02  1.00000000e+01 
 6.05000000e+02 -3.79758788e-01  6.05000000e+02 -3.04023812e-02  6.05000000e+02  1.00000000e+01 
 6.10000000e+02 -3.79812568e-01  6.10000000e+02 -3.04051199e-02  6.10000000e+02  1.00000000e+01 
 6.15000000e+02 -3.79866067e-01  6.15000000e+02 -3.04079490e-02  6.15000000e+02  1.00000000e+01 
 6.20000000e+02 -3.79919304e-01  6.20000000e+02 -3.04108617e-02  6.20000000e+02  1.00000000e+01 
 6.25000000e+02 -3.79972296e-01  6.25000000e+02 -3.04138518e-02  6.25000000e+02  1.00000000e+01 
 6.30000000e+02 -3.80025057e-01  6.30000000e+02 -3.04169137e-02  6.30000000e+02  1.00000000e+01 
 6.35000000e+02 -3.80077603e-01  6.35000000e+02 -3.04200419e-02  6.35000000e+02  1.00000000e+01 
 6.40000000e+02 -3.80129948e-01  6.40000000e+02 -3.04232316e-02  6.40000000e+02  1.00000000e+01 
 6.45000000e+02 -3.80182103e-01  6.45000000e+02 -3.04264782e-02  6.45000000e+02  1.00000000e+01 
 6.50000000e+02 -3.80234082e-01  6.50000000e+02 -3.04297773e-02  6.50000000e+02  1.00000000e+01 
 6.55000000e+02 -3.80285894e-01  6.55000000e+02 -3.04331252e-02  6.55000000e+02  1.00000000e+01 
 6.60000000e+02 -3.80337550e-01  6.60000000e+02 -3.04365180e-02  6.60000000e+02  1.00000000e+01 
 6.65000000e+02 -3.80389060e-01  6.65000000e+02 -3.04399525e-02  6.65000000e+02  1.00000000e+01 
 6.70000000e+02 -3.80440433e-01  6.70000000e+02 -3.04434256e-02  6.70000000e+02  1.00000000e+01 
 6.75000000e+02 -3.80491676e-01  6.75000000e+02 -3.04469342e-02  6.75000000e+02  1.00000000e+01 
 6.80000000e+02 -3.80542798e-01  6.80000000e+02 -3.04504757e-02  6.80000000e+02  1.00000000e+01 
 6.85000000e+02 -3.80593806e-01  6.85000000e+02 -3.04540477e-02  6.85000000e+02  1.00000000e+01 
 6.90000000e+02 -3.80644707e-01  6.90000000e+02 -3.04576478e-02  6.90000000e+02  1.00000000e+01 
 6.95000000e+02 -3.80695507e-01  6.95000000e+02 -3.04612738e-02  6.95000000e+02  1.00000000e+01 
 7.00000000e+02 -3.80746212e-01  7.00000000e+02 -3.04649239e-02  7.00000000e+02  1.00000000e+01 
 7.05000000e+02 -3.80796828e-01  7.05000000e+02 -3.04685961e-02  7.05000000e+02  1.00000000e+01 
 7.10000000e+02 -3.80847359e-01  7.10000000e+02 -3.04722887e-02  7.10000000e+02  1.00000000e+01 
 7.15000000e+02 -3.80897810e-01  7.15000000e+02 -3.04760002e-02  7.15000000e+02  1.00000000e+01 
 7.20000000e+02 -3.80948186e-01  7.20000000e+02 -3.04797291e-02  7.20000000e+02  1.00000000e+01 
 7.25000000e+02 -3.80998492e-01  7.25000000e+02 -3.04834741e-02  7.25000000e+02  1.00000000e+01 
 7.30000000e+02 -3.81048730e-01  7.30000000e+02 -3.04872339e-02  7.30000000e+02  1.00000000e+01 
 7.35000000e+02 -3.81098906e-01  7.35000000e+02 -3.04910073e-02  7.35000000e+02  1.00000000e+01 
 7.40000000e+02 -3.81149021e-01  7.40000000e+02 -3.04947933e-02  7.40000000e+02  1.00000000e+01 
 7.45000000e+02 -3.81199080e-01  7.45000000e+02 -3.04985909e-02  7.45000000e+02  1.00000000e+01 
 7.50000000e+02 -3.81249086e-01  7.50000000e+02 -3.05023991e-02  7.50000000e+02  1.00000000e+01 
 7.55000000e+02 -3.81299041e-01  7.55000000e+02 -3.05062172e-02  7.55000000e+02  1.00000000e+01 
 7.60000000e+02 -3.81348947e-01  7.60000000e+02 -3.05100442e-02  7.60000000e+02  1.00000000e+01 
 7.65000000e+02 -3.81398809e-01  7.65000000e+02 -3.05138796e-02  7.65000000e+02  1.00000000e+01 
 7.70000000e+02 -3.81448627e-01  7.70000000e+02 -3.05177226e-02  7.70000000e+02  1.00000000e+01 
 7.75000000e+02 -3.81498404e-01  7.75000000e+02 -3.05215726e-02  7.75000000e+02  1.00000000e+01 
 7.80000000e+02 -3.81548142e-01  7.80000000e+02 -3.05254290e-02  7.80000000e+02  1.00000000e+01 
 7.85000000e+02 -3.81597843e-01  7.85000000e+02 -3.05292913e-02  7.85000000e+02  1.00000000e+01 
 7.90000000e+02 -3.81647510e-01  7.90000000e+02 -3.05331590e-02  7.90000000e+02  1.00000000e+01 
 7.95000000e+02 -3.81697142e-01  7.95000000e+02 -3.05370316e-02  7.95000000e+02  1.00000000e+01 
 8.00000000e+02 -3.81746743e-01  8.00000000e+02 -3.05409088e-02  8.00000000e+02  1.00000000e+01 
